resource,platform,institutional_access,export_limit,full_text_route,contact_or_owner,status,substitute_if_blocked,decision_date,notes
MEDLINE,PubMed,yes,platform dependent,publisher/PMC/library,researcher,available,,,
Embase,,unknown,,library,researcher,to_confirm,document nonaccess and strengthen alternative database coverage,,
CENTRAL,Cochrane Library,unknown,,library,researcher,to_confirm,,,
Scopus_or_WoS,,unknown,,library,researcher,to_confirm,,,
ClinicalTrials.gov,web/API,yes,API pagination,registry,researcher,available,,,
WHO_ICTRP,web,unknown,,registry,researcher,to_confirm,,,
KoreaMed,web,unknown,,library/web,researcher,to_confirm,,,
KMbase,web,unknown,,library/web,researcher,to_confirm,,,
RISS,web,unknown,,institutional,researcher,to_confirm,,,
