candidate_id,record_id_a,record_id_b,candidate_reasons,generator,status
DUPC-000001,REC-PUBMED-10094456,REC-PUBMED-22734293,exact_normalized_title,exact_identifier_or_title,needs_human_review
DUPC-000002,REC-PUBMED-10352118,REC-PUBMED-15044710,exact_normalized_title,exact_identifier_or_title,needs_human_review
DUPC-000003,REC-PUBMED-10491744,REC-PUBMED-16775455,exact_normalized_title,exact_identifier_or_title,needs_human_review
DUPC-000004,REC-PUBMED-10491744,REC-PUBMED-8890400,exact_normalized_title,exact_identifier_or_title,needs_human_review
DUPC-000005,REC-PUBMED-10629596,REC-PUBMED-25751293,exact_normalized_title,exact_identifier_or_title,needs_human_review
DUPC-000006,REC-PUBMED-10741238,REC-PUBMED-14127371,exact_normalized_title,exact_identifier_or_title,needs_human_review
DUPC-000007,REC-PUBMED-10908494,REC-PUBMED-16437432,exact_normalized_title,exact_identifier_or_title,needs_human_review
DUPC-000008,REC-PUBMED-10908494,REC-PUBMED-25092359,exact_normalized_title,exact_identifier_or_title,needs_human_review
DUPC-000009,REC-PUBMED-10917896,REC-PUBMED-16011462,exact_normalized_title,exact_identifier_or_title,needs_human_review
DUPC-000010,REC-PUBMED-11034739,REC-PUBMED-11869618,exact_doi|exact_normalized_title,exact_identifier_or_title,needs_human_review
DUPC-000011,REC-PUBMED-11034739,REC-PUBMED-23076894,exact_normalized_title,exact_identifier_or_title,needs_human_review
DUPC-000012,REC-PUBMED-11117107,REC-PUBMED-30060226,exact_normalized_title,exact_identifier_or_title,needs_human_review
DUPC-000013,REC-PUBMED-11117107,REC-PUBMED-30449543,exact_normalized_title,exact_identifier_or_title,needs_human_review
DUPC-000014,REC-PUBMED-11117107,REC-PUBMED-30477754,exact_normalized_title,exact_identifier_or_title,needs_human_review
DUPC-000015,REC-PUBMED-11195313,REC-PUBMED-13629034,exact_normalized_title,exact_identifier_or_title,needs_human_review
DUPC-000016,REC-PUBMED-11195313,REC-PUBMED-16357816,exact_normalized_title,exact_identifier_or_title,needs_human_review
DUPC-000017,REC-PUBMED-11195313,REC-PUBMED-342176,exact_normalized_title,exact_identifier_or_title,needs_human_review
DUPC-000018,REC-PUBMED-11195313,REC-PUBMED-6896602,exact_normalized_title,exact_identifier_or_title,needs_human_review
DUPC-000019,REC-PUBMED-11380479,REC-PUBMED-11848091,exact_normalized_title,exact_identifier_or_title,needs_human_review
DUPC-000020,REC-PUBMED-11516453,REC-PUBMED-18000799,exact_normalized_title,exact_identifier_or_title,needs_human_review
DUPC-000021,REC-PUBMED-11558516,REC-PUBMED-11558517,exact_normalized_title,exact_identifier_or_title,needs_human_review
DUPC-000022,REC-PUBMED-11869618,REC-PUBMED-23076894,exact_normalized_title,exact_identifier_or_title,needs_human_review
DUPC-000023,REC-PUBMED-12024003,REC-PUBMED-12030262,exact_normalized_title,exact_identifier_or_title,needs_human_review
DUPC-000024,REC-PUBMED-12024003,REC-PUBMED-12030263,exact_normalized_title,exact_identifier_or_title,needs_human_review
DUPC-000025,REC-PUBMED-12030262,REC-PUBMED-12030263,exact_normalized_title,exact_identifier_or_title,needs_human_review
DUPC-000026,REC-PUBMED-12233075,REC-PUBMED-2586678,exact_normalized_title,exact_identifier_or_title,needs_human_review
DUPC-000027,REC-PUBMED-12631089,REC-PUBMED-15745503,exact_normalized_title,exact_identifier_or_title,needs_human_review
DUPC-000028,REC-PUBMED-12667042,REC-PUBMED-12667043,exact_normalized_title,exact_identifier_or_title,needs_human_review
DUPC-000029,REC-PUBMED-12724615,REC-PUBMED-29793236,exact_normalized_title,exact_identifier_or_title,needs_human_review
DUPC-000030,REC-PUBMED-13281563,REC-PUBMED-197820,exact_normalized_title,exact_identifier_or_title,needs_human_review
DUPC-000031,REC-PUBMED-13281563,REC-PUBMED-2645429,exact_normalized_title,exact_identifier_or_title,needs_human_review
DUPC-000032,REC-PUBMED-13281563,REC-PUBMED-5542056,exact_normalized_title,exact_identifier_or_title,needs_human_review
DUPC-000033,REC-PUBMED-13281563,REC-PUBMED-6144904,exact_normalized_title,exact_identifier_or_title,needs_human_review
DUPC-000034,REC-PUBMED-13281563,REC-PUBMED-6689528,exact_normalized_title,exact_identifier_or_title,needs_human_review
DUPC-000035,REC-PUBMED-13281563,REC-PUBMED-6761462,exact_normalized_title,exact_identifier_or_title,needs_human_review
DUPC-000036,REC-PUBMED-13413694,REC-PUBMED-15865246,exact_normalized_title,exact_identifier_or_title,needs_human_review
DUPC-000037,REC-PUBMED-1345417,REC-PUBMED-9822057,exact_normalized_title,exact_identifier_or_title,needs_human_review
DUPC-000038,REC-PUBMED-13561099,REC-PUBMED-13635517,exact_normalized_title,exact_identifier_or_title,needs_human_review
DUPC-000039,REC-PUBMED-13629034,REC-PUBMED-16357816,exact_normalized_title,exact_identifier_or_title,needs_human_review
DUPC-000040,REC-PUBMED-13629034,REC-PUBMED-342176,exact_normalized_title,exact_identifier_or_title,needs_human_review
DUPC-000041,REC-PUBMED-13629034,REC-PUBMED-6896602,exact_normalized_title,exact_identifier_or_title,needs_human_review
DUPC-000042,REC-PUBMED-13673461,REC-PUBMED-14256915,exact_normalized_title,exact_identifier_or_title,needs_human_review
DUPC-000043,REC-PUBMED-13673461,REC-PUBMED-14489200,exact_normalized_title,exact_identifier_or_title,needs_human_review
DUPC-000044,REC-PUBMED-14150917,REC-PUBMED-14150918,exact_normalized_title,exact_identifier_or_title,needs_human_review
DUPC-000045,REC-PUBMED-14256915,REC-PUBMED-14489200,exact_normalized_title,exact_identifier_or_title,needs_human_review
DUPC-000046,REC-PUBMED-14583924,REC-PUBMED-21678330,exact_normalized_title,exact_identifier_or_title,needs_human_review
DUPC-000047,REC-PUBMED-14655691,REC-PUBMED-15197973,exact_normalized_title,exact_identifier_or_title,needs_human_review
DUPC-000048,REC-PUBMED-14655691,REC-PUBMED-15446120,exact_normalized_title,exact_identifier_or_title,needs_human_review
DUPC-000049,REC-PUBMED-14655691,REC-PUBMED-16392720,exact_normalized_title,exact_identifier_or_title,needs_human_review
DUPC-000050,REC-PUBMED-14655691,REC-PUBMED-187718,exact_normalized_title,exact_identifier_or_title,needs_human_review
DUPC-000051,REC-PUBMED-14655691,REC-PUBMED-25158579,exact_normalized_title,exact_identifier_or_title,needs_human_review
DUPC-000052,REC-PUBMED-14655691,REC-PUBMED-2648666,exact_normalized_title,exact_identifier_or_title,needs_human_review
DUPC-000053,REC-PUBMED-14655691,REC-PUBMED-6385452,exact_normalized_title,exact_identifier_or_title,needs_human_review
DUPC-000054,REC-PUBMED-14655691,REC-PUBMED-8029686,exact_normalized_title,exact_identifier_or_title,needs_human_review
DUPC-000055,REC-PUBMED-14658922,REC-PUBMED-28346967,exact_normalized_title,exact_identifier_or_title,needs_human_review
DUPC-000056,REC-PUBMED-14680724,REC-PUBMED-15337236,exact_normalized_title,exact_identifier_or_title,needs_human_review
DUPC-000057,REC-PUBMED-14689084,REC-PUBMED-7808096,exact_normalized_title,exact_identifier_or_title,needs_human_review
DUPC-000058,REC-PUBMED-15191946,REC-PUBMED-18695376,exact_normalized_title,exact_identifier_or_title,needs_human_review
DUPC-000059,REC-PUBMED-15197973,REC-PUBMED-15446120,exact_normalized_title,exact_identifier_or_title,needs_human_review
DUPC-000060,REC-PUBMED-15197973,REC-PUBMED-16392720,exact_normalized_title,exact_identifier_or_title,needs_human_review
DUPC-000061,REC-PUBMED-15197973,REC-PUBMED-187718,exact_normalized_title,exact_identifier_or_title,needs_human_review
DUPC-000062,REC-PUBMED-15197973,REC-PUBMED-25158579,exact_normalized_title,exact_identifier_or_title,needs_human_review
DUPC-000063,REC-PUBMED-15197973,REC-PUBMED-2648666,exact_normalized_title,exact_identifier_or_title,needs_human_review
DUPC-000064,REC-PUBMED-15197973,REC-PUBMED-6385452,exact_normalized_title,exact_identifier_or_title,needs_human_review
DUPC-000065,REC-PUBMED-15197973,REC-PUBMED-8029686,exact_normalized_title,exact_identifier_or_title,needs_human_review
DUPC-000066,REC-PUBMED-15249924,REC-PUBMED-5092031,exact_normalized_title,exact_identifier_or_title,needs_human_review
DUPC-000067,REC-PUBMED-15339877,REC-PUBMED-18296593,exact_normalized_title,exact_identifier_or_title,needs_human_review
DUPC-000068,REC-PUBMED-15339877,REC-PUBMED-23095463,exact_normalized_title,exact_identifier_or_title,needs_human_review
DUPC-000069,REC-PUBMED-15446120,REC-PUBMED-16392720,exact_normalized_title,exact_identifier_or_title,needs_human_review
DUPC-000070,REC-PUBMED-15446120,REC-PUBMED-187718,exact_normalized_title,exact_identifier_or_title,needs_human_review
DUPC-000071,REC-PUBMED-15446120,REC-PUBMED-25158579,exact_normalized_title,exact_identifier_or_title,needs_human_review
DUPC-000072,REC-PUBMED-15446120,REC-PUBMED-2648666,exact_normalized_title,exact_identifier_or_title,needs_human_review
DUPC-000073,REC-PUBMED-15446120,REC-PUBMED-6385452,exact_normalized_title,exact_identifier_or_title,needs_human_review
DUPC-000074,REC-PUBMED-15446120,REC-PUBMED-8029686,exact_normalized_title,exact_identifier_or_title,needs_human_review
DUPC-000075,REC-PUBMED-15520627,REC-PUBMED-40500083,exact_normalized_title,exact_identifier_or_title,needs_human_review
DUPC-000076,REC-PUBMED-15568291,REC-PUBMED-16224041,exact_normalized_title,exact_identifier_or_title,needs_human_review
DUPC-000077,REC-PUBMED-15587507,REC-PUBMED-1576767,exact_normalized_title,exact_identifier_or_title,needs_human_review
DUPC-000078,REC-PUBMED-15587507,REC-PUBMED-9204244,exact_normalized_title,exact_identifier_or_title,needs_human_review
DUPC-000079,REC-PUBMED-15598646,REC-PUBMED-22308803,exact_normalized_title,exact_identifier_or_title,needs_human_review
DUPC-000080,REC-PUBMED-1576767,REC-PUBMED-9204244,exact_normalized_title,exact_identifier_or_title,needs_human_review
DUPC-000081,REC-PUBMED-15773736,REC-PUBMED-20107757,exact_normalized_title,exact_identifier_or_title,needs_human_review
DUPC-000082,REC-PUBMED-15773736,REC-PUBMED-24549552,exact_normalized_title,exact_identifier_or_title,needs_human_review
DUPC-000083,REC-PUBMED-15786931,REC-PUBMED-17279274,exact_normalized_title,exact_identifier_or_title,needs_human_review
DUPC-000084,REC-PUBMED-16123916,REC-PUBMED-19478692,exact_normalized_title,exact_identifier_or_title,needs_human_review
DUPC-000085,REC-PUBMED-16221228,REC-PUBMED-16528260,exact_normalized_title,exact_identifier_or_title,needs_human_review
DUPC-000086,REC-PUBMED-16236081,REC-PUBMED-17577302,exact_normalized_title,exact_identifier_or_title,needs_human_review
DUPC-000087,REC-PUBMED-16357816,REC-PUBMED-342176,exact_normalized_title,exact_identifier_or_title,needs_human_review
DUPC-000088,REC-PUBMED-16357816,REC-PUBMED-6896602,exact_normalized_title,exact_identifier_or_title,needs_human_review
DUPC-000089,REC-PUBMED-16392720,REC-PUBMED-187718,exact_normalized_title,exact_identifier_or_title,needs_human_review
DUPC-000090,REC-PUBMED-16392720,REC-PUBMED-25158579,exact_normalized_title,exact_identifier_or_title,needs_human_review
DUPC-000091,REC-PUBMED-16392720,REC-PUBMED-2648666,exact_normalized_title,exact_identifier_or_title,needs_human_review
DUPC-000092,REC-PUBMED-16392720,REC-PUBMED-6385452,exact_normalized_title,exact_identifier_or_title,needs_human_review
DUPC-000093,REC-PUBMED-16392720,REC-PUBMED-8029686,exact_normalized_title,exact_identifier_or_title,needs_human_review
DUPC-000094,REC-PUBMED-16395485,REC-PUBMED-19132168,exact_normalized_title,exact_identifier_or_title,needs_human_review
DUPC-000095,REC-PUBMED-16437432,REC-PUBMED-25092359,exact_normalized_title,exact_identifier_or_title,needs_human_review
DUPC-000096,REC-PUBMED-16517985,REC-PUBMED-24049843,exact_normalized_title,exact_identifier_or_title,needs_human_review
DUPC-000097,REC-PUBMED-16517985,REC-PUBMED-27560276,exact_normalized_title,exact_identifier_or_title,needs_human_review
DUPC-000098,REC-PUBMED-16517985,REC-PUBMED-34619337,exact_normalized_title,exact_identifier_or_title,needs_human_review
DUPC-000099,REC-PUBMED-16723622,REC-PUBMED-16729367,exact_normalized_title,exact_identifier_or_title,needs_human_review
DUPC-000100,REC-PUBMED-16775455,REC-PUBMED-8890400,exact_normalized_title,exact_identifier_or_title,needs_human_review
DUPC-000101,REC-PUBMED-16817375,REC-PUBMED-4790543,exact_normalized_title,exact_identifier_or_title,needs_human_review
DUPC-000102,REC-PUBMED-16817375,REC-PUBMED-5595322,exact_normalized_title,exact_identifier_or_title,needs_human_review
DUPC-000103,REC-PUBMED-17226226,REC-PUBMED-1956960,exact_normalized_title,exact_identifier_or_title,needs_human_review
DUPC-000104,REC-PUBMED-17319097,REC-PUBMED-28365976,exact_normalized_title,exact_identifier_or_title,needs_human_review
DUPC-000105,REC-PUBMED-17506300,REC-PUBMED-1763670,exact_normalized_title,exact_identifier_or_title,needs_human_review
DUPC-000106,REC-PUBMED-17588105,REC-PUBMED-3576268,exact_normalized_title,exact_identifier_or_title,needs_human_review
DUPC-000107,REC-PUBMED-17588105,REC-PUBMED-426400,exact_normalized_title,exact_identifier_or_title,needs_human_review
DUPC-000108,REC-PUBMED-17711963,REC-PUBMED-22485118,exact_normalized_title,exact_identifier_or_title,needs_human_review
DUPC-000109,REC-PUBMED-17982511,REC-PUBMED-18389098,exact_normalized_title,exact_identifier_or_title,needs_human_review
DUPC-000110,REC-PUBMED-17982511,REC-PUBMED-18806898,exact_normalized_title,exact_identifier_or_title,needs_human_review
DUPC-000111,REC-PUBMED-17982511,REC-PUBMED-20664824,exact_normalized_title,exact_identifier_or_title,needs_human_review
DUPC-000112,REC-PUBMED-1800003,REC-PUBMED-2760211,exact_normalized_title,exact_identifier_or_title,needs_human_review
DUPC-000113,REC-PUBMED-18046581,REC-PUBMED-23465503,exact_normalized_title,exact_identifier_or_title,needs_human_review
DUPC-000114,REC-PUBMED-18096568,REC-PUBMED-21286676,exact_normalized_title,exact_identifier_or_title,needs_human_review
DUPC-000115,REC-PUBMED-18273573,REC-PUBMED-18836647,exact_normalized_title,exact_identifier_or_title,needs_human_review
DUPC-000116,REC-PUBMED-18273573,REC-PUBMED-24733535,exact_normalized_title,exact_identifier_or_title,needs_human_review
DUPC-000117,REC-PUBMED-18296593,REC-PUBMED-23095463,exact_normalized_title,exact_identifier_or_title,needs_human_review
DUPC-000118,REC-PUBMED-18389098,REC-PUBMED-18806898,exact_normalized_title,exact_identifier_or_title,needs_human_review
DUPC-000119,REC-PUBMED-18389098,REC-PUBMED-20664824,exact_normalized_title,exact_identifier_or_title,needs_human_review
DUPC-000120,REC-PUBMED-18425959,REC-PUBMED-21678361,exact_normalized_title,exact_identifier_or_title,needs_human_review
DUPC-000121,REC-PUBMED-18425959,REC-PUBMED-25004410,exact_normalized_title,exact_identifier_or_title,needs_human_review
DUPC-000122,REC-PUBMED-18752379,REC-PUBMED-25282448,exact_normalized_title,exact_identifier_or_title,needs_human_review
DUPC-000123,REC-PUBMED-187718,REC-PUBMED-25158579,exact_normalized_title,exact_identifier_or_title,needs_human_review
DUPC-000124,REC-PUBMED-187718,REC-PUBMED-2648666,exact_normalized_title,exact_identifier_or_title,needs_human_review
DUPC-000125,REC-PUBMED-187718,REC-PUBMED-6385452,exact_normalized_title,exact_identifier_or_title,needs_human_review
DUPC-000126,REC-PUBMED-187718,REC-PUBMED-8029686,exact_normalized_title,exact_identifier_or_title,needs_human_review
DUPC-000127,REC-PUBMED-18806898,REC-PUBMED-20664824,exact_normalized_title,exact_identifier_or_title,needs_human_review
DUPC-000128,REC-PUBMED-18836647,REC-PUBMED-24733535,exact_normalized_title,exact_identifier_or_title,needs_human_review
DUPC-000129,REC-PUBMED-18843633,REC-PUBMED-26184395,exact_normalized_title,exact_identifier_or_title,needs_human_review
DUPC-000130,REC-PUBMED-18843633,REC-PUBMED-34298589,exact_normalized_title,exact_identifier_or_title,needs_human_review
DUPC-000131,REC-PUBMED-19365276,REC-PUBMED-19739042,exact_normalized_title,exact_identifier_or_title,needs_human_review
DUPC-000132,REC-PUBMED-19433754,REC-PUBMED-19460622,exact_normalized_title,exact_identifier_or_title,needs_human_review
DUPC-000133,REC-PUBMED-1945663,REC-PUBMED-7026160,exact_normalized_title,exact_identifier_or_title,needs_human_review
DUPC-000134,REC-PUBMED-19479657,REC-PUBMED-20140106,exact_normalized_title,exact_identifier_or_title,needs_human_review
DUPC-000135,REC-PUBMED-19755375,REC-PUBMED-19755376,exact_normalized_title,exact_identifier_or_title,needs_human_review
DUPC-000136,REC-PUBMED-19755375,REC-PUBMED-19755377,exact_normalized_title,exact_identifier_or_title,needs_human_review
DUPC-000137,REC-PUBMED-19755375,REC-PUBMED-19755378,exact_normalized_title,exact_identifier_or_title,needs_human_review
DUPC-000138,REC-PUBMED-19755375,REC-PUBMED-19755379,exact_normalized_title,exact_identifier_or_title,needs_human_review
DUPC-000139,REC-PUBMED-19755376,REC-PUBMED-19755377,exact_normalized_title,exact_identifier_or_title,needs_human_review
DUPC-000140,REC-PUBMED-19755376,REC-PUBMED-19755378,exact_normalized_title,exact_identifier_or_title,needs_human_review
DUPC-000141,REC-PUBMED-19755376,REC-PUBMED-19755379,exact_normalized_title,exact_identifier_or_title,needs_human_review
DUPC-000142,REC-PUBMED-19755377,REC-PUBMED-19755378,exact_normalized_title,exact_identifier_or_title,needs_human_review
DUPC-000143,REC-PUBMED-19755377,REC-PUBMED-19755379,exact_normalized_title,exact_identifier_or_title,needs_human_review
DUPC-000144,REC-PUBMED-19755378,REC-PUBMED-19755379,exact_normalized_title,exact_identifier_or_title,needs_human_review
DUPC-000145,REC-PUBMED-19776416,REC-PUBMED-19780216,exact_normalized_title,exact_identifier_or_title,needs_human_review
DUPC-000146,REC-PUBMED-197820,REC-PUBMED-2645429,exact_normalized_title,exact_identifier_or_title,needs_human_review
DUPC-000147,REC-PUBMED-197820,REC-PUBMED-5542056,exact_normalized_title,exact_identifier_or_title,needs_human_review
DUPC-000148,REC-PUBMED-197820,REC-PUBMED-6144904,exact_normalized_title,exact_identifier_or_title,needs_human_review
DUPC-000149,REC-PUBMED-197820,REC-PUBMED-6689528,exact_normalized_title,exact_identifier_or_title,needs_human_review
DUPC-000150,REC-PUBMED-197820,REC-PUBMED-6761462,exact_normalized_title,exact_identifier_or_title,needs_human_review
DUPC-000151,REC-PUBMED-19880491,REC-PUBMED-20657677,exact_normalized_title,exact_identifier_or_title,needs_human_review
DUPC-000152,REC-PUBMED-19996844,REC-PUBMED-25673894,exact_normalized_title,exact_identifier_or_title,needs_human_review
DUPC-000153,REC-PUBMED-20107757,REC-PUBMED-24549552,exact_normalized_title,exact_identifier_or_title,needs_human_review
DUPC-000154,REC-PUBMED-20301329,REC-PUBMED-27084188,exact_normalized_title,exact_identifier_or_title,needs_human_review
DUPC-000155,REC-PUBMED-20645985,REC-PUBMED-21291575,exact_normalized_title,exact_identifier_or_title,needs_human_review
DUPC-000156,REC-PUBMED-21052837,REC-PUBMED-21365388,exact_normalized_title,exact_identifier_or_title,needs_human_review
DUPC-000157,REC-PUBMED-21154368,REC-PUBMED-21678357,exact_normalized_title,exact_identifier_or_title,needs_human_review
DUPC-000158,REC-PUBMED-21154368,REC-PUBMED-24897382,exact_normalized_title,exact_identifier_or_title,needs_human_review
DUPC-000159,REC-PUBMED-21154368,REC-PUBMED-24980743,exact_normalized_title,exact_identifier_or_title,needs_human_review
DUPC-000160,REC-PUBMED-21241354,REC-PUBMED-21335484,exact_normalized_title,exact_identifier_or_title,needs_human_review
DUPC-000161,REC-PUBMED-21246392,REC-PUBMED-21952601,exact_normalized_title,exact_identifier_or_title,needs_human_review
DUPC-000162,REC-PUBMED-21328283,REC-PUBMED-21491394,exact_normalized_title,exact_identifier_or_title,needs_human_review
DUPC-000163,REC-PUBMED-21412884,REC-PUBMED-38299639,exact_normalized_title,exact_identifier_or_title,needs_human_review
DUPC-000164,REC-PUBMED-21678357,REC-PUBMED-24897382,exact_normalized_title,exact_identifier_or_title,needs_human_review
DUPC-000165,REC-PUBMED-21678357,REC-PUBMED-24980743,exact_normalized_title,exact_identifier_or_title,needs_human_review
DUPC-000166,REC-PUBMED-21678361,REC-PUBMED-25004410,exact_normalized_title,exact_identifier_or_title,needs_human_review
DUPC-000167,REC-PUBMED-21735411,REC-PUBMED-24414552,exact_normalized_title,exact_identifier_or_title,needs_human_review
DUPC-000168,REC-PUBMED-22047571,REC-PUBMED-22047572,exact_doi|exact_normalized_title,exact_identifier_or_title,needs_human_review
DUPC-000169,REC-PUBMED-22336844,REC-PUBMED-25171736,exact_normalized_title,exact_identifier_or_title,needs_human_review
DUPC-000170,REC-PUBMED-22336844,REC-PUBMED-27906452,exact_normalized_title,exact_identifier_or_title,needs_human_review
DUPC-000171,REC-PUBMED-22336844,REC-PUBMED-33337539,exact_normalized_title,exact_identifier_or_title,needs_human_review
DUPC-000172,REC-PUBMED-22425107,REC-PUBMED-28346988,exact_normalized_title,exact_identifier_or_title,needs_human_review
DUPC-000173,REC-PUBMED-22462038,REC-PUBMED-24101867,exact_normalized_title,exact_identifier_or_title,needs_human_review
DUPC-000174,REC-PUBMED-22470872,REC-PUBMED-32491799,exact_normalized_title,exact_identifier_or_title,needs_human_review
DUPC-000175,REC-PUBMED-22475258,REC-PUBMED-28848725,exact_normalized_title,exact_identifier_or_title,needs_human_review
DUPC-000176,REC-PUBMED-23374739,REC-PUBMED-36382756,exact_normalized_title,exact_identifier_or_title,needs_human_review
DUPC-000177,REC-PUBMED-23514989,REC-PUBMED-27167437,exact_normalized_title,exact_identifier_or_title,needs_human_review
DUPC-000178,REC-PUBMED-23657589,REC-PUBMED-24880102,exact_normalized_title,exact_identifier_or_title,needs_human_review
DUPC-000179,REC-PUBMED-23843493,REC-PUBMED-35063183,exact_normalized_title,exact_identifier_or_title,needs_human_review
DUPC-000180,REC-PUBMED-23843493,REC-PUBMED-35638950,exact_normalized_title,exact_identifier_or_title,needs_human_review
DUPC-000181,REC-PUBMED-23910562,REC-PUBMED-27716952,exact_normalized_title,exact_identifier_or_title,needs_human_review
DUPC-000182,REC-PUBMED-23925867,REC-PUBMED-29509959,exact_normalized_title,exact_identifier_or_title,needs_human_review
DUPC-000183,REC-PUBMED-23944728,REC-PUBMED-35289573,exact_normalized_title,exact_identifier_or_title,needs_human_review
DUPC-000184,REC-PUBMED-23953900,REC-PUBMED-25470147,exact_normalized_title,exact_identifier_or_title,needs_human_review
DUPC-000185,REC-PUBMED-24049843,REC-PUBMED-27560276,exact_normalized_title,exact_identifier_or_title,needs_human_review
DUPC-000186,REC-PUBMED-24049843,REC-PUBMED-34619337,exact_normalized_title,exact_identifier_or_title,needs_human_review
DUPC-000187,REC-PUBMED-24276249,REC-PUBMED-25976308,exact_normalized_title,exact_identifier_or_title,needs_human_review
DUPC-000188,REC-PUBMED-24307720,REC-PUBMED-24319155,exact_normalized_title,exact_identifier_or_title,needs_human_review
DUPC-000189,REC-PUBMED-24343728,REC-PUBMED-32692430,exact_normalized_title,exact_identifier_or_title,needs_human_review
DUPC-000190,REC-PUBMED-24785213,REC-PUBMED-24785214,exact_doi|exact_normalized_title,exact_identifier_or_title,needs_human_review
DUPC-000191,REC-PUBMED-24785213,REC-PUBMED-24785215,exact_doi|exact_normalized_title,exact_identifier_or_title,needs_human_review
DUPC-000192,REC-PUBMED-24785213,REC-PUBMED-24785216,exact_doi|exact_normalized_title,exact_identifier_or_title,needs_human_review
DUPC-000193,REC-PUBMED-24785213,REC-PUBMED-24785217,exact_doi|exact_normalized_title,exact_identifier_or_title,needs_human_review
DUPC-000194,REC-PUBMED-24785213,REC-PUBMED-24785218,exact_doi|exact_normalized_title,exact_identifier_or_title,needs_human_review
DUPC-000195,REC-PUBMED-24785213,REC-PUBMED-24804303,exact_doi|exact_normalized_title,exact_identifier_or_title,needs_human_review
DUPC-000196,REC-PUBMED-24785213,REC-PUBMED-24804306,exact_doi|exact_normalized_title,exact_identifier_or_title,needs_human_review
DUPC-000197,REC-PUBMED-24785214,REC-PUBMED-24785215,exact_doi|exact_normalized_title,exact_identifier_or_title,needs_human_review
DUPC-000198,REC-PUBMED-24785214,REC-PUBMED-24785216,exact_doi|exact_normalized_title,exact_identifier_or_title,needs_human_review
DUPC-000199,REC-PUBMED-24785214,REC-PUBMED-24785217,exact_doi|exact_normalized_title,exact_identifier_or_title,needs_human_review
DUPC-000200,REC-PUBMED-24785214,REC-PUBMED-24785218,exact_doi|exact_normalized_title,exact_identifier_or_title,needs_human_review
DUPC-000201,REC-PUBMED-24785214,REC-PUBMED-24804303,exact_doi|exact_normalized_title,exact_identifier_or_title,needs_human_review
DUPC-000202,REC-PUBMED-24785214,REC-PUBMED-24804306,exact_doi|exact_normalized_title,exact_identifier_or_title,needs_human_review
DUPC-000203,REC-PUBMED-24785215,REC-PUBMED-24785216,exact_doi|exact_normalized_title,exact_identifier_or_title,needs_human_review
DUPC-000204,REC-PUBMED-24785215,REC-PUBMED-24785217,exact_doi|exact_normalized_title,exact_identifier_or_title,needs_human_review
DUPC-000205,REC-PUBMED-24785215,REC-PUBMED-24785218,exact_doi|exact_normalized_title,exact_identifier_or_title,needs_human_review
DUPC-000206,REC-PUBMED-24785215,REC-PUBMED-24804303,exact_doi|exact_normalized_title,exact_identifier_or_title,needs_human_review
DUPC-000207,REC-PUBMED-24785215,REC-PUBMED-24804306,exact_doi|exact_normalized_title,exact_identifier_or_title,needs_human_review
DUPC-000208,REC-PUBMED-24785216,REC-PUBMED-24785217,exact_doi|exact_normalized_title,exact_identifier_or_title,needs_human_review
DUPC-000209,REC-PUBMED-24785216,REC-PUBMED-24785218,exact_doi|exact_normalized_title,exact_identifier_or_title,needs_human_review
DUPC-000210,REC-PUBMED-24785216,REC-PUBMED-24804303,exact_doi|exact_normalized_title,exact_identifier_or_title,needs_human_review
DUPC-000211,REC-PUBMED-24785216,REC-PUBMED-24804306,exact_doi|exact_normalized_title,exact_identifier_or_title,needs_human_review
DUPC-000212,REC-PUBMED-24785217,REC-PUBMED-24785218,exact_doi|exact_normalized_title,exact_identifier_or_title,needs_human_review
DUPC-000213,REC-PUBMED-24785217,REC-PUBMED-24804303,exact_doi|exact_normalized_title,exact_identifier_or_title,needs_human_review
DUPC-000214,REC-PUBMED-24785217,REC-PUBMED-24804306,exact_doi|exact_normalized_title,exact_identifier_or_title,needs_human_review
DUPC-000215,REC-PUBMED-24785218,REC-PUBMED-24804303,exact_doi|exact_normalized_title,exact_identifier_or_title,needs_human_review
DUPC-000216,REC-PUBMED-24785218,REC-PUBMED-24804306,exact_doi|exact_normalized_title,exact_identifier_or_title,needs_human_review
DUPC-000217,REC-PUBMED-24804303,REC-PUBMED-24804306,exact_doi|exact_normalized_title,exact_identifier_or_title,needs_human_review
DUPC-000218,REC-PUBMED-24897382,REC-PUBMED-24980743,exact_normalized_title,exact_identifier_or_title,needs_human_review
DUPC-000219,REC-PUBMED-25158579,REC-PUBMED-2648666,exact_normalized_title,exact_identifier_or_title,needs_human_review
DUPC-000220,REC-PUBMED-25158579,REC-PUBMED-6385452,exact_normalized_title,exact_identifier_or_title,needs_human_review
DUPC-000221,REC-PUBMED-25158579,REC-PUBMED-8029686,exact_normalized_title,exact_identifier_or_title,needs_human_review
DUPC-000222,REC-PUBMED-25166047,REC-PUBMED-41324220,exact_normalized_title,exact_identifier_or_title,needs_human_review
DUPC-000223,REC-PUBMED-25171736,REC-PUBMED-27906452,exact_normalized_title,exact_identifier_or_title,needs_human_review
DUPC-000224,REC-PUBMED-25171736,REC-PUBMED-33337539,exact_normalized_title,exact_identifier_or_title,needs_human_review
DUPC-000225,REC-PUBMED-25285794,REC-PUBMED-25417446,exact_normalized_title,exact_identifier_or_title,needs_human_review
DUPC-000226,REC-PUBMED-25293408,REC-PUBMED-26550627,exact_normalized_title,exact_identifier_or_title,needs_human_review
DUPC-000227,REC-PUBMED-25318061,REC-PUBMED-29856471,exact_normalized_title,exact_identifier_or_title,needs_human_review
DUPC-000228,REC-PUBMED-25366713,REC-PUBMED-29589352,exact_doi,exact_identifier_or_title,needs_human_review
DUPC-000229,REC-PUBMED-25405246,REC-PUBMED-29589353,exact_doi,exact_identifier_or_title,needs_human_review
DUPC-000230,REC-PUBMED-25443239,REC-PUBMED-26968670,exact_normalized_title,exact_identifier_or_title,needs_human_review
DUPC-000231,REC-PUBMED-25612280,REC-PUBMED-31514220,exact_normalized_title,exact_identifier_or_title,needs_human_review
DUPC-000232,REC-PUBMED-25612280,REC-PUBMED-34662916,exact_normalized_title,exact_identifier_or_title,needs_human_review
DUPC-000233,REC-PUBMED-25755579,REC-PUBMED-35677518,exact_normalized_title,exact_identifier_or_title,needs_human_review
DUPC-000234,REC-PUBMED-25854152,REC-PUBMED-29321641,exact_normalized_title,exact_identifier_or_title,needs_human_review
DUPC-000235,REC-PUBMED-25854152,REC-PUBMED-31866276,exact_normalized_title,exact_identifier_or_title,needs_human_review
DUPC-000236,REC-PUBMED-26184395,REC-PUBMED-34298589,exact_normalized_title,exact_identifier_or_title,needs_human_review
DUPC-000237,REC-PUBMED-26261924,REC-PUBMED-28722928,exact_normalized_title,exact_identifier_or_title,needs_human_review
DUPC-000238,REC-PUBMED-26261924,REC-PUBMED-28857066,exact_normalized_title,exact_identifier_or_title,needs_human_review
DUPC-000239,REC-PUBMED-2645429,REC-PUBMED-5542056,exact_normalized_title,exact_identifier_or_title,needs_human_review
DUPC-000240,REC-PUBMED-2645429,REC-PUBMED-6144904,exact_normalized_title,exact_identifier_or_title,needs_human_review
DUPC-000241,REC-PUBMED-2645429,REC-PUBMED-6689528,exact_normalized_title,exact_identifier_or_title,needs_human_review
DUPC-000242,REC-PUBMED-2645429,REC-PUBMED-6761462,exact_normalized_title,exact_identifier_or_title,needs_human_review
DUPC-000243,REC-PUBMED-2648666,REC-PUBMED-6385452,exact_normalized_title,exact_identifier_or_title,needs_human_review
DUPC-000244,REC-PUBMED-2648666,REC-PUBMED-8029686,exact_normalized_title,exact_identifier_or_title,needs_human_review
DUPC-000245,REC-PUBMED-26957485,REC-PUBMED-34851259,exact_normalized_title,exact_identifier_or_title,needs_human_review
DUPC-000246,REC-PUBMED-27560276,REC-PUBMED-34619337,exact_normalized_title,exact_identifier_or_title,needs_human_review
DUPC-000247,REC-PUBMED-27567408,REC-PUBMED-27567465,exact_normalized_title,exact_identifier_or_title,needs_human_review
DUPC-000248,REC-PUBMED-27567408,REC-PUBMED-27663299,exact_normalized_title,exact_identifier_or_title,needs_human_review
DUPC-000249,REC-PUBMED-27567465,REC-PUBMED-27663299,exact_normalized_title,exact_identifier_or_title,needs_human_review
DUPC-000250,REC-PUBMED-27569671,REC-PUBMED-27697440,exact_normalized_title,exact_identifier_or_title,needs_human_review
DUPC-000251,REC-PUBMED-27569674,REC-PUBMED-27707528,exact_normalized_title,exact_identifier_or_title,needs_human_review
DUPC-000252,REC-PUBMED-27595415,REC-PUBMED-36744416,exact_normalized_title,exact_identifier_or_title,needs_human_review
DUPC-000253,REC-PUBMED-27645776,REC-PUBMED-30929912,exact_normalized_title,exact_identifier_or_title,needs_human_review
DUPC-000254,REC-PUBMED-27648348,REC-PUBMED-31086686,exact_normalized_title,exact_identifier_or_title,needs_human_review
DUPC-000255,REC-PUBMED-27905748,REC-PUBMED-27905777,exact_normalized_title,exact_identifier_or_title,needs_human_review
DUPC-000256,REC-PUBMED-27906452,REC-PUBMED-33337539,exact_normalized_title,exact_identifier_or_title,needs_human_review
DUPC-000257,REC-PUBMED-28264900,REC-PUBMED-28606959,exact_normalized_title,exact_identifier_or_title,needs_human_review
DUPC-000258,REC-PUBMED-28302287,REC-PUBMED-31590290,exact_normalized_title,exact_identifier_or_title,needs_human_review
DUPC-000259,REC-PUBMED-28508916,REC-PUBMED-29582927,exact_doi,exact_identifier_or_title,needs_human_review
DUPC-000260,REC-PUBMED-28595692,REC-PUBMED-29285498,exact_normalized_title,exact_identifier_or_title,needs_human_review
DUPC-000261,REC-PUBMED-28722928,REC-PUBMED-28857066,exact_normalized_title,exact_identifier_or_title,needs_human_review
DUPC-000262,REC-PUBMED-28816341,REC-PUBMED-30151820,exact_doi,exact_identifier_or_title,needs_human_review
DUPC-000263,REC-PUBMED-28968483,REC-PUBMED-33045766,exact_normalized_title,exact_identifier_or_title,needs_human_review
DUPC-000264,REC-PUBMED-28987427,REC-PUBMED-36095313,exact_normalized_title,exact_identifier_or_title,needs_human_review
DUPC-000265,REC-PUBMED-29261922,REC-PUBMED-31644144,exact_normalized_title,exact_identifier_or_title,needs_human_review
DUPC-000266,REC-PUBMED-29285754,REC-PUBMED-34622445,exact_normalized_title,exact_identifier_or_title,needs_human_review
DUPC-000267,REC-PUBMED-29301740,REC-PUBMED-29483079,exact_normalized_title,exact_identifier_or_title,needs_human_review
DUPC-000268,REC-PUBMED-29321641,REC-PUBMED-31866276,exact_normalized_title,exact_identifier_or_title,needs_human_review
DUPC-000269,REC-PUBMED-29466222,REC-PUBMED-31713505,exact_doi|exact_normalized_title,exact_identifier_or_title,needs_human_review
DUPC-000270,REC-PUBMED-29562331,REC-PUBMED-30211938,exact_normalized_title,exact_identifier_or_title,needs_human_review
DUPC-000271,REC-PUBMED-29577340,REC-PUBMED-29791015,exact_normalized_title,exact_identifier_or_title,needs_human_review
DUPC-000272,REC-PUBMED-29926118,REC-PUBMED-29946874,exact_normalized_title,exact_identifier_or_title,needs_human_review
DUPC-000273,REC-PUBMED-30060226,REC-PUBMED-30449543,exact_normalized_title,exact_identifier_or_title,needs_human_review
DUPC-000274,REC-PUBMED-30060226,REC-PUBMED-30477754,exact_normalized_title,exact_identifier_or_title,needs_human_review
DUPC-000275,REC-PUBMED-30281043,REC-PUBMED-32605128,exact_normalized_title,exact_identifier_or_title,needs_human_review
DUPC-000276,REC-PUBMED-30449543,REC-PUBMED-30477754,exact_normalized_title,exact_identifier_or_title,needs_human_review
DUPC-000277,REC-PUBMED-30463994,REC-PUBMED-30504344,exact_normalized_title,exact_identifier_or_title,needs_human_review
DUPC-000278,REC-PUBMED-30630354,REC-PUBMED-34353601,exact_normalized_title,exact_identifier_or_title,needs_human_review
DUPC-000279,REC-PUBMED-30630354,REC-PUBMED-35757447,exact_normalized_title,exact_identifier_or_title,needs_human_review
DUPC-000280,REC-PUBMED-30710988,REC-PUBMED-31404932,exact_normalized_title,exact_identifier_or_title,needs_human_review
DUPC-000281,REC-PUBMED-30710988,REC-PUBMED-31910762,exact_normalized_title,exact_identifier_or_title,needs_human_review
DUPC-000282,REC-PUBMED-30710988,REC-PUBMED-37622606,exact_normalized_title,exact_identifier_or_title,needs_human_review
DUPC-000283,REC-PUBMED-30710988,REC-PUBMED-38250215,exact_normalized_title,exact_identifier_or_title,needs_human_review
DUPC-000284,REC-PUBMED-30710988,REC-PUBMED-42409706,exact_normalized_title,exact_identifier_or_title,needs_human_review
DUPC-000285,REC-PUBMED-31160872,REC-PUBMED-31485146,exact_normalized_title,exact_identifier_or_title,needs_human_review
DUPC-000286,REC-PUBMED-31182347,REC-PUBMED-31387688,exact_normalized_title,exact_identifier_or_title,needs_human_review
DUPC-000287,REC-PUBMED-31348529,REC-PUBMED-39077939,exact_normalized_title,exact_identifier_or_title,needs_human_review
DUPC-000288,REC-PUBMED-31404932,REC-PUBMED-31910762,exact_normalized_title,exact_identifier_or_title,needs_human_review
DUPC-000289,REC-PUBMED-31404932,REC-PUBMED-37622606,exact_normalized_title,exact_identifier_or_title,needs_human_review
DUPC-000290,REC-PUBMED-31404932,REC-PUBMED-38250215,exact_normalized_title,exact_identifier_or_title,needs_human_review
DUPC-000291,REC-PUBMED-31404932,REC-PUBMED-42409706,exact_normalized_title,exact_identifier_or_title,needs_human_review
DUPC-000292,REC-PUBMED-31514220,REC-PUBMED-34662916,exact_normalized_title,exact_identifier_or_title,needs_human_review
DUPC-000293,REC-PUBMED-31610579,REC-PUBMED-32252074,exact_normalized_title,exact_identifier_or_title,needs_human_review
DUPC-000294,REC-PUBMED-31610579,REC-PUBMED-32252075,exact_normalized_title,exact_identifier_or_title,needs_human_review
DUPC-000295,REC-PUBMED-31610579,REC-PUBMED-32926827,exact_normalized_title,exact_identifier_or_title,needs_human_review
DUPC-000296,REC-PUBMED-31735308,REC-PUBMED-35465898,exact_normalized_title,exact_identifier_or_title,needs_human_review
DUPC-000297,REC-PUBMED-31910762,REC-PUBMED-37622606,exact_normalized_title,exact_identifier_or_title,needs_human_review
DUPC-000298,REC-PUBMED-31910762,REC-PUBMED-38250215,exact_normalized_title,exact_identifier_or_title,needs_human_review
DUPC-000299,REC-PUBMED-31910762,REC-PUBMED-42409706,exact_normalized_title,exact_identifier_or_title,needs_human_review
DUPC-000300,REC-PUBMED-31918601,REC-PUBMED-32067587,exact_normalized_title,exact_identifier_or_title,needs_human_review
DUPC-000301,REC-PUBMED-31933483,REC-PUBMED-32108755,exact_normalized_title,exact_identifier_or_title,needs_human_review
DUPC-000302,REC-PUBMED-32252074,REC-PUBMED-32252075,exact_normalized_title,exact_identifier_or_title,needs_human_review
DUPC-000303,REC-PUBMED-32252074,REC-PUBMED-32926827,exact_normalized_title,exact_identifier_or_title,needs_human_review
DUPC-000304,REC-PUBMED-32252075,REC-PUBMED-32926827,exact_normalized_title,exact_identifier_or_title,needs_human_review
DUPC-000305,REC-PUBMED-33308848,REC-PUBMED-36165375,exact_normalized_title,exact_identifier_or_title,needs_human_review
DUPC-000306,REC-PUBMED-33406996,REC-PUBMED-33411231,exact_normalized_title,exact_identifier_or_title,needs_human_review
DUPC-000307,REC-PUBMED-33858727,REC-PUBMED-34187638,exact_normalized_title,exact_identifier_or_title,needs_human_review
DUPC-000308,REC-PUBMED-342176,REC-PUBMED-6896602,exact_normalized_title,exact_identifier_or_title,needs_human_review
DUPC-000309,REC-PUBMED-34353601,REC-PUBMED-35757447,exact_normalized_title,exact_identifier_or_title,needs_human_review
DUPC-000310,REC-PUBMED-3438754,REC-PUBMED-35048,exact_normalized_title,exact_identifier_or_title,needs_human_review
DUPC-000311,REC-PUBMED-3438754,REC-PUBMED-6635478,exact_normalized_title,exact_identifier_or_title,needs_human_review
DUPC-000312,REC-PUBMED-35048,REC-PUBMED-6635478,exact_normalized_title,exact_identifier_or_title,needs_human_review
DUPC-000313,REC-PUBMED-35063183,REC-PUBMED-35638950,exact_normalized_title,exact_identifier_or_title,needs_human_review
DUPC-000314,REC-PUBMED-35196441,REC-PUBMED-35196442,exact_doi,exact_identifier_or_title,needs_human_review
DUPC-000315,REC-PUBMED-35297395,REC-PUBMED-35368325,exact_normalized_title,exact_identifier_or_title,needs_human_review
DUPC-000316,REC-PUBMED-35727284,REC-PUBMED-35727285,exact_normalized_title,exact_identifier_or_title,needs_human_review
DUPC-000317,REC-PUBMED-3576268,REC-PUBMED-426400,exact_normalized_title,exact_identifier_or_title,needs_human_review
DUPC-000318,REC-PUBMED-37622606,REC-PUBMED-38250215,exact_normalized_title,exact_identifier_or_title,needs_human_review
DUPC-000319,REC-PUBMED-37622606,REC-PUBMED-42409706,exact_normalized_title,exact_identifier_or_title,needs_human_review
DUPC-000320,REC-PUBMED-38250215,REC-PUBMED-42409706,exact_normalized_title,exact_identifier_or_title,needs_human_review
DUPC-000321,REC-PUBMED-38466270,REC-PUBMED-38466279,exact_normalized_title,exact_identifier_or_title,needs_human_review
DUPC-000322,REC-PUBMED-38814293,REC-PUBMED-40928759,exact_normalized_title,exact_identifier_or_title,needs_human_review
DUPC-000323,REC-PUBMED-38825339,REC-PUBMED-38825342,exact_normalized_title,exact_identifier_or_title,needs_human_review
DUPC-000324,REC-PUBMED-3982578,REC-PUBMED-6657662,exact_normalized_title,exact_identifier_or_title,needs_human_review
DUPC-000325,REC-PUBMED-4790543,REC-PUBMED-5595322,exact_normalized_title,exact_identifier_or_title,needs_human_review
DUPC-000326,REC-PUBMED-5061124,REC-PUBMED-6401260,exact_normalized_title,exact_identifier_or_title,needs_human_review
DUPC-000327,REC-PUBMED-5419298,REC-PUBMED-5429819,exact_normalized_title,exact_identifier_or_title,needs_human_review
DUPC-000328,REC-PUBMED-5419298,REC-PUBMED-5429820,exact_normalized_title,exact_identifier_or_title,needs_human_review
DUPC-000329,REC-PUBMED-5429819,REC-PUBMED-5429820,exact_normalized_title,exact_identifier_or_title,needs_human_review
DUPC-000330,REC-PUBMED-54676,REC-PUBMED-54776,exact_normalized_title,exact_identifier_or_title,needs_human_review
DUPC-000331,REC-PUBMED-5542056,REC-PUBMED-6144904,exact_normalized_title,exact_identifier_or_title,needs_human_review
DUPC-000332,REC-PUBMED-5542056,REC-PUBMED-6689528,exact_normalized_title,exact_identifier_or_title,needs_human_review
DUPC-000333,REC-PUBMED-5542056,REC-PUBMED-6761462,exact_normalized_title,exact_identifier_or_title,needs_human_review
DUPC-000334,REC-PUBMED-6143917,REC-PUBMED-790341,exact_normalized_title,exact_identifier_or_title,needs_human_review
DUPC-000335,REC-PUBMED-6144904,REC-PUBMED-6689528,exact_normalized_title,exact_identifier_or_title,needs_human_review
DUPC-000336,REC-PUBMED-6144904,REC-PUBMED-6761462,exact_normalized_title,exact_identifier_or_title,needs_human_review
DUPC-000337,REC-PUBMED-6385452,REC-PUBMED-8029686,exact_normalized_title,exact_identifier_or_title,needs_human_review
DUPC-000338,REC-PUBMED-6689528,REC-PUBMED-6761462,exact_normalized_title,exact_identifier_or_title,needs_human_review
DUPC-000339,REC-PUBMED-8119115,REC-PUBMED-8223221,exact_normalized_title,exact_identifier_or_title,needs_human_review
DUPC-000340,REC-PUBMED-8326599,REC-PUBMED-8441427,exact_normalized_title,exact_identifier_or_title,needs_human_review
DUPC-000341,REC-PUBMED-8332168,REC-PUBMED-8332169,exact_normalized_title,exact_identifier_or_title,needs_human_review
DUPC-000342,REC-PUBMED-9406294,REC-PUBMED-9498931,exact_normalized_title,exact_identifier_or_title,needs_human_review
