link_candidate_id,registry_record_id,nct_id,pubmed_record_id,pmid,reference_type,linkage_status
LINK-CTGOV-NCT00070655-PMID-18294998,REC-CTGOV-NCT00070655,NCT00070655,REC-PUBMED-18294998,18294998,DERIVED,needs_human_report_study_review
LINK-CTGOV-NCT00070655-PMID-19348685,REC-CTGOV-NCT00070655,NCT00070655,REC-PUBMED-19348685,19348685,DERIVED,needs_human_report_study_review
LINK-CTGOV-NCT00070655-PMID-34320504,REC-CTGOV-NCT00070655,NCT00070655,REC-PUBMED-34320504,34320504,DERIVED,needs_human_report_study_review
LINK-CTGOV-NCT00120731-PMID-12549788,REC-CTGOV-NCT00120731,NCT00120731,REC-PUBMED-12549788,12549788,BACKGROUND,needs_human_report_study_review
LINK-CTGOV-NCT00143715-PMID-10073841,REC-CTGOV-NCT00143715,NCT00143715,REC-PUBMED-10073841,10073841,BACKGROUND,needs_human_report_study_review
LINK-CTGOV-NCT00143715-PMID-10597763,REC-CTGOV-NCT00143715,NCT00143715,REC-PUBMED-10597763,10597763,BACKGROUND,needs_human_report_study_review
LINK-CTGOV-NCT00143715-PMID-10847254,REC-CTGOV-NCT00143715,NCT00143715,REC-PUBMED-10847254,10847254,BACKGROUND,needs_human_report_study_review
LINK-CTGOV-NCT00143715-PMID-10908494,REC-CTGOV-NCT00143715,NCT00143715,REC-PUBMED-10908494,10908494,BACKGROUND,needs_human_report_study_review
LINK-CTGOV-NCT00143715-PMID-11075768,REC-CTGOV-NCT00143715,NCT00143715,REC-PUBMED-11075768,11075768,BACKGROUND,needs_human_report_study_review
LINK-CTGOV-NCT00143715-PMID-11279741,REC-CTGOV-NCT00143715,NCT00143715,REC-PUBMED-11279741,11279741,BACKGROUND,needs_human_report_study_review
LINK-CTGOV-NCT00143715-PMID-11560452,REC-CTGOV-NCT00143715,NCT00143715,REC-PUBMED-11560452,11560452,BACKGROUND,needs_human_report_study_review
LINK-CTGOV-NCT00143715-PMID-11706908,REC-CTGOV-NCT00143715,NCT00143715,REC-PUBMED-11706908,11706908,BACKGROUND,needs_human_report_study_review
LINK-CTGOV-NCT00143715-PMID-11722425,REC-CTGOV-NCT00143715,NCT00143715,REC-PUBMED-11722425,11722425,BACKGROUND,needs_human_report_study_review
LINK-CTGOV-NCT00143715-PMID-12133163,REC-CTGOV-NCT00143715,NCT00143715,REC-PUBMED-12133163,12133163,BACKGROUND,needs_human_report_study_review
LINK-CTGOV-NCT00143715-PMID-12152676,REC-CTGOV-NCT00143715,NCT00143715,REC-PUBMED-12152676,12152676,BACKGROUND,needs_human_report_study_review
LINK-CTGOV-NCT00143715-PMID-12186515,REC-CTGOV-NCT00143715,NCT00143715,REC-PUBMED-12186515,12186515,BACKGROUND,needs_human_report_study_review
LINK-CTGOV-NCT00143715-PMID-12196089,REC-CTGOV-NCT00143715,NCT00143715,REC-PUBMED-12196089,12196089,BACKGROUND,needs_human_report_study_review
LINK-CTGOV-NCT00143715-PMID-12424167,REC-CTGOV-NCT00143715,NCT00143715,REC-PUBMED-12424167,12424167,BACKGROUND,needs_human_report_study_review
LINK-CTGOV-NCT00143715-PMID-12557411,REC-CTGOV-NCT00143715,NCT00143715,REC-PUBMED-12557411,12557411,BACKGROUND,needs_human_report_study_review
LINK-CTGOV-NCT00143715-PMID-14993179,REC-CTGOV-NCT00143715,NCT00143715,REC-PUBMED-14993179,14993179,BACKGROUND,needs_human_report_study_review
LINK-CTGOV-NCT00143715-PMID-2757055,REC-CTGOV-NCT00143715,NCT00143715,REC-PUBMED-2757055,2757055,BACKGROUND,needs_human_report_study_review
LINK-CTGOV-NCT00143715-PMID-2787958,REC-CTGOV-NCT00143715,NCT00143715,REC-PUBMED-2787958,2787958,BACKGROUND,needs_human_report_study_review
LINK-CTGOV-NCT00143715-PMID-8239230,REC-CTGOV-NCT00143715,NCT00143715,REC-PUBMED-8239230,8239230,BACKGROUND,needs_human_report_study_review
LINK-CTGOV-NCT00143715-PMID-8368229,REC-CTGOV-NCT00143715,NCT00143715,REC-PUBMED-8368229,8368229,BACKGROUND,needs_human_report_study_review
LINK-CTGOV-NCT00143715-PMID-9508231,REC-CTGOV-NCT00143715,NCT00143715,REC-PUBMED-9508231,9508231,BACKGROUND,needs_human_report_study_review
LINK-CTGOV-NCT00143715-PMID-9657434,REC-CTGOV-NCT00143715,NCT00143715,REC-PUBMED-9657434,9657434,BACKGROUND,needs_human_report_study_review
LINK-CTGOV-NCT00232232-PMID-21232631,REC-CTGOV-NCT00232232,NCT00232232,REC-PUBMED-21232631,21232631,DERIVED,needs_human_report_study_review
LINK-CTGOV-NCT00232245-PMID-23890856,REC-CTGOV-NCT00232245,NCT00232245,REC-PUBMED-23890856,23890856,DERIVED,needs_human_report_study_review
LINK-CTGOV-NCT00264277-PMID-11848459,REC-CTGOV-NCT00264277,NCT00264277,REC-PUBMED-11848459,11848459,BACKGROUND,needs_human_report_study_review
LINK-CTGOV-NCT00264277-PMID-12847064,REC-CTGOV-NCT00264277,NCT00264277,REC-PUBMED-12847064,12847064,BACKGROUND,needs_human_report_study_review
LINK-CTGOV-NCT00264277-PMID-12941680,REC-CTGOV-NCT00264277,NCT00264277,REC-PUBMED-12941680,12941680,BACKGROUND,needs_human_report_study_review
LINK-CTGOV-NCT00264277-PMID-17065639,REC-CTGOV-NCT00264277,NCT00264277,REC-PUBMED-17065639,17065639,RESULT,needs_human_report_study_review
LINK-CTGOV-NCT00264277-PMID-20352167,REC-CTGOV-NCT00264277,NCT00264277,REC-PUBMED-20352167,20352167,DERIVED,needs_human_report_study_review
LINK-CTGOV-NCT00264277-PMID-20553388,REC-CTGOV-NCT00264277,NCT00264277,REC-PUBMED-20553388,20553388,DERIVED,needs_human_report_study_review
LINK-CTGOV-NCT00264277-PMID-23306310,REC-CTGOV-NCT00264277,NCT00264277,REC-PUBMED-23306310,23306310,DERIVED,needs_human_report_study_review
LINK-CTGOV-NCT00266045-PMID-17940483,REC-CTGOV-NCT00266045,NCT00266045,REC-PUBMED-17940483,17940483,DERIVED,needs_human_report_study_review
LINK-CTGOV-NCT00266045-PMID-19965693,REC-CTGOV-NCT00266045,NCT00266045,REC-PUBMED-19965693,19965693,DERIVED,needs_human_report_study_review
LINK-CTGOV-NCT00266045-PMID-23306310,REC-CTGOV-NCT00266045,NCT00266045,REC-PUBMED-23306310,23306310,DERIVED,needs_human_report_study_review
LINK-CTGOV-NCT00355290-PMID-19738137,REC-CTGOV-NCT00355290,NCT00355290,REC-PUBMED-19738137,19738137,DERIVED,needs_human_report_study_review
LINK-CTGOV-NCT00402363-PMID-19619690,REC-CTGOV-NCT00402363,NCT00402363,REC-PUBMED-19619690,19619690,DERIVED,needs_human_report_study_review
LINK-CTGOV-NCT00402363-PMID-21078810,REC-CTGOV-NCT00402363,NCT00402363,REC-PUBMED-21078810,21078810,RESULT,needs_human_report_study_review
LINK-CTGOV-NCT00410020-PMID-11458289,REC-CTGOV-NCT00410020,NCT00410020,REC-PUBMED-11458289,11458289,BACKGROUND,needs_human_report_study_review
LINK-CTGOV-NCT00410020-PMID-11935975,REC-CTGOV-NCT00410020,NCT00410020,REC-PUBMED-11935975,11935975,BACKGROUND,needs_human_report_study_review
LINK-CTGOV-NCT00410020-PMID-12324307,REC-CTGOV-NCT00410020,NCT00410020,REC-PUBMED-12324307,12324307,BACKGROUND,needs_human_report_study_review
LINK-CTGOV-NCT00410020-PMID-12433513,REC-CTGOV-NCT00410020,NCT00410020,REC-PUBMED-12433513,12433513,BACKGROUND,needs_human_report_study_review
LINK-CTGOV-NCT00410020-PMID-12450919,REC-CTGOV-NCT00410020,NCT00410020,REC-PUBMED-12450919,12450919,BACKGROUND,needs_human_report_study_review
LINK-CTGOV-NCT00410020-PMID-6133188,REC-CTGOV-NCT00410020,NCT00410020,REC-PUBMED-6133188,6133188,BACKGROUND,needs_human_report_study_review
LINK-CTGOV-NCT00410020-PMID-7722678,REC-CTGOV-NCT00410020,NCT00410020,REC-PUBMED-7722678,7722678,BACKGROUND,needs_human_report_study_review
LINK-CTGOV-NCT00410020-PMID-7754988,REC-CTGOV-NCT00410020,NCT00410020,REC-PUBMED-7754988,7754988,BACKGROUND,needs_human_report_study_review
LINK-CTGOV-NCT00410020-PMID-7911176,REC-CTGOV-NCT00410020,NCT00410020,REC-PUBMED-7911176,7911176,BACKGROUND,needs_human_report_study_review
LINK-CTGOV-NCT00410020-PMID-8851173,REC-CTGOV-NCT00410020,NCT00410020,REC-PUBMED-8851173,8851173,BACKGROUND,needs_human_report_study_review
LINK-CTGOV-NCT00446966-PMID-23130134,REC-CTGOV-NCT00446966,NCT00446966,REC-PUBMED-23130134,23130134,DERIVED,needs_human_report_study_review
LINK-CTGOV-NCT00472823-PMID-15797954,REC-CTGOV-NCT00472823,NCT00472823,REC-PUBMED-15797954,15797954,BACKGROUND,needs_human_report_study_review
LINK-CTGOV-NCT00472823-PMID-16960175,REC-CTGOV-NCT00472823,NCT00472823,REC-PUBMED-16960175,16960175,BACKGROUND,needs_human_report_study_review
LINK-CTGOV-NCT00472823-PMID-22431675,REC-CTGOV-NCT00472823,NCT00472823,REC-PUBMED-22431675,22431675,DERIVED,needs_human_report_study_review
LINK-CTGOV-NCT00472823-PMID-23386641,REC-CTGOV-NCT00472823,NCT00472823,REC-PUBMED-23386641,23386641,DERIVED,needs_human_report_study_review
LINK-CTGOV-NCT00472823-PMID-24166866,REC-CTGOV-NCT00472823,NCT00472823,REC-PUBMED-24166866,24166866,DERIVED,needs_human_report_study_review
LINK-CTGOV-NCT00472823-PMID-24937025,REC-CTGOV-NCT00472823,NCT00472823,REC-PUBMED-24937025,24937025,DERIVED,needs_human_report_study_review
LINK-CTGOV-NCT00472823-PMID-30137647,REC-CTGOV-NCT00472823,NCT00472823,REC-PUBMED-30137647,30137647,DERIVED,needs_human_report_study_review
LINK-CTGOV-NCT00472823-PMID-31215092,REC-CTGOV-NCT00472823,NCT00472823,REC-PUBMED-31215092,31215092,DERIVED,needs_human_report_study_review
LINK-CTGOV-NCT00472823-PMID-9525348,REC-CTGOV-NCT00472823,NCT00472823,REC-PUBMED-9525348,9525348,BACKGROUND,needs_human_report_study_review
LINK-CTGOV-NCT00552084-PMID-25465932,REC-CTGOV-NCT00552084,NCT00552084,REC-PUBMED-25465932,25465932,DERIVED,needs_human_report_study_review
LINK-CTGOV-NCT00581828-PMID-18302509,REC-CTGOV-NCT00581828,NCT00581828,REC-PUBMED-18302509,18302509,BACKGROUND,needs_human_report_study_review
LINK-CTGOV-NCT00597220-PMID-19249410,REC-CTGOV-NCT00597220,NCT00597220,REC-PUBMED-19249410,19249410,DERIVED,needs_human_report_study_review
LINK-CTGOV-NCT00597220-PMID-23265344,REC-CTGOV-NCT00597220,NCT00597220,REC-PUBMED-23265344,23265344,DERIVED,needs_human_report_study_review
LINK-CTGOV-NCT00800137-PMID-23659733,REC-CTGOV-NCT00800137,NCT00800137,REC-PUBMED-23659733,23659733,RESULT,needs_human_report_study_review
LINK-CTGOV-NCT00800137-PMID-26988951,REC-CTGOV-NCT00800137,NCT00800137,REC-PUBMED-26988951,26988951,DERIVED,needs_human_report_study_review
LINK-CTGOV-NCT00800137-PMID-31056413,REC-CTGOV-NCT00800137,NCT00800137,REC-PUBMED-31056413,31056413,DERIVED,needs_human_report_study_review
LINK-CTGOV-NCT00800137-PMID-31610718,REC-CTGOV-NCT00800137,NCT00800137,REC-PUBMED-31610718,31610718,DERIVED,needs_human_report_study_review
LINK-CTGOV-NCT00868712-PMID-19847375,REC-CTGOV-NCT00868712,NCT00868712,REC-PUBMED-19847375,19847375,RESULT,needs_human_report_study_review
LINK-CTGOV-NCT00905229-PMID-14609783,REC-CTGOV-NCT00905229,NCT00905229,REC-PUBMED-14609783,14609783,BACKGROUND,needs_human_report_study_review
LINK-CTGOV-NCT00905229-PMID-16214475,REC-CTGOV-NCT00905229,NCT00905229,REC-PUBMED-16214475,16214475,BACKGROUND,needs_human_report_study_review
LINK-CTGOV-NCT00905229-PMID-18574265,REC-CTGOV-NCT00905229,NCT00905229,REC-PUBMED-18574265,18574265,BACKGROUND,needs_human_report_study_review
LINK-CTGOV-NCT00928915-PMID-21557816,REC-CTGOV-NCT00928915,NCT00928915,REC-PUBMED-21557816,21557816,BACKGROUND,needs_human_report_study_review
LINK-CTGOV-NCT00928915-PMID-27302126,REC-CTGOV-NCT00928915,NCT00928915,REC-PUBMED-27302126,27302126,RESULT,needs_human_report_study_review
LINK-CTGOV-NCT00928915-PMID-37870112,REC-CTGOV-NCT00928915,NCT00928915,REC-PUBMED-37870112,37870112,DERIVED,needs_human_report_study_review
LINK-CTGOV-NCT00954395-PMID-12484710,REC-CTGOV-NCT00954395,NCT00954395,REC-PUBMED-12484710,12484710,BACKGROUND,needs_human_report_study_review
LINK-CTGOV-NCT00954395-PMID-16270475,REC-CTGOV-NCT00954395,NCT00954395,REC-PUBMED-16270475,16270475,BACKGROUND,needs_human_report_study_review
LINK-CTGOV-NCT00954395-PMID-17065639,REC-CTGOV-NCT00954395,NCT00954395,REC-PUBMED-17065639,17065639,BACKGROUND,needs_human_report_study_review
LINK-CTGOV-NCT00954395-PMID-18443269,REC-CTGOV-NCT00954395,NCT00954395,REC-PUBMED-18443269,18443269,BACKGROUND,needs_human_report_study_review
LINK-CTGOV-NCT00954395-PMID-18574272,REC-CTGOV-NCT00954395,NCT00954395,REC-PUBMED-18574272,18574272,BACKGROUND,needs_human_report_study_review
LINK-CTGOV-NCT00954395-PMID-24879813,REC-CTGOV-NCT00954395,NCT00954395,REC-PUBMED-24879813,24879813,DERIVED,needs_human_report_study_review
LINK-CTGOV-NCT00954395-PMID-26917615,REC-CTGOV-NCT00954395,NCT00954395,REC-PUBMED-26917615,26917615,DERIVED,needs_human_report_study_review
LINK-CTGOV-NCT00970489-PMID-21742090,REC-CTGOV-NCT00970489,NCT00970489,REC-PUBMED-21742090,21742090,DERIVED,needs_human_report_study_review
LINK-CTGOV-NCT00970489-PMID-23128104,REC-CTGOV-NCT00970489,NCT00970489,REC-PUBMED-23128104,23128104,DERIVED,needs_human_report_study_review
LINK-CTGOV-NCT00970489-PMID-24145742,REC-CTGOV-NCT00970489,NCT00970489,REC-PUBMED-24145742,24145742,DERIVED,needs_human_report_study_review
LINK-CTGOV-NCT00970489-PMID-25994442,REC-CTGOV-NCT00970489,NCT00970489,REC-PUBMED-25994442,25994442,DERIVED,needs_human_report_study_review
LINK-CTGOV-NCT00970489-PMID-29546292,REC-CTGOV-NCT00970489,NCT00970489,REC-PUBMED-29546292,29546292,DERIVED,needs_human_report_study_review
LINK-CTGOV-NCT00970489-PMID-30571332,REC-CTGOV-NCT00970489,NCT00970489,REC-PUBMED-30571332,30571332,DERIVED,needs_human_report_study_review
LINK-CTGOV-NCT00970619-PMID-31786086,REC-CTGOV-NCT00970619,NCT00970619,REC-PUBMED-31786086,31786086,DERIVED,needs_human_report_study_review
LINK-CTGOV-NCT00970619-PMID-32604427,REC-CTGOV-NCT00970619,NCT00970619,REC-PUBMED-32604427,32604427,DERIVED,needs_human_report_study_review
LINK-CTGOV-NCT00970619-PMID-34032127,REC-CTGOV-NCT00970619,NCT00970619,REC-PUBMED-34032127,34032127,DERIVED,needs_human_report_study_review
LINK-CTGOV-NCT00970619-PMID-35347362,REC-CTGOV-NCT00970619,NCT00970619,REC-PUBMED-35347362,35347362,DERIVED,needs_human_report_study_review
LINK-CTGOV-NCT00970619-PMID-38547453,REC-CTGOV-NCT00970619,NCT00970619,REC-PUBMED-38547453,38547453,DERIVED,needs_human_report_study_review
LINK-CTGOV-NCT00970619-PMID-39968829,REC-CTGOV-NCT00970619,NCT00970619,REC-PUBMED-39968829,39968829,DERIVED,needs_human_report_study_review
LINK-CTGOV-NCT00990158-PMID-11075768,REC-CTGOV-NCT00990158,NCT00990158,REC-PUBMED-11075768,11075768,BACKGROUND,needs_human_report_study_review
LINK-CTGOV-NCT00990158-PMID-11260056,REC-CTGOV-NCT00990158,NCT00990158,REC-PUBMED-11260056,11260056,BACKGROUND,needs_human_report_study_review
LINK-CTGOV-NCT00990158-PMID-11790213,REC-CTGOV-NCT00990158,NCT00990158,REC-PUBMED-11790213,11790213,BACKGROUND,needs_human_report_study_review
LINK-CTGOV-NCT00990158-PMID-11994567,REC-CTGOV-NCT00990158,NCT00990158,REC-PUBMED-11994567,11994567,BACKGROUND,needs_human_report_study_review
LINK-CTGOV-NCT00990158-PMID-12152676,REC-CTGOV-NCT00990158,NCT00990158,REC-PUBMED-12152676,12152676,BACKGROUND,needs_human_report_study_review
LINK-CTGOV-NCT00990158-PMID-14717783,REC-CTGOV-NCT00990158,NCT00990158,REC-PUBMED-14717783,14717783,BACKGROUND,needs_human_report_study_review
LINK-CTGOV-NCT00990158-PMID-14739631,REC-CTGOV-NCT00990158,NCT00990158,REC-PUBMED-14739631,14739631,BACKGROUND,needs_human_report_study_review
LINK-CTGOV-NCT00990158-PMID-14760216,REC-CTGOV-NCT00990158,NCT00990158,REC-PUBMED-14760216,14760216,BACKGROUND,needs_human_report_study_review
LINK-CTGOV-NCT00990158-PMID-14993179,REC-CTGOV-NCT00990158,NCT00990158,REC-PUBMED-14993179,14993179,BACKGROUND,needs_human_report_study_review
LINK-CTGOV-NCT00990158-PMID-15121498,REC-CTGOV-NCT00990158,NCT00990158,REC-PUBMED-15121498,15121498,BACKGROUND,needs_human_report_study_review
LINK-CTGOV-NCT00990158-PMID-15140584,REC-CTGOV-NCT00990158,NCT00990158,REC-PUBMED-15140584,15140584,BACKGROUND,needs_human_report_study_review
LINK-CTGOV-NCT00990158-PMID-15231565,REC-CTGOV-NCT00990158,NCT00990158,REC-PUBMED-15231565,15231565,BACKGROUND,needs_human_report_study_review
LINK-CTGOV-NCT00990158-PMID-15231615,REC-CTGOV-NCT00990158,NCT00990158,REC-PUBMED-15231615,15231615,BACKGROUND,needs_human_report_study_review
LINK-CTGOV-NCT00990158-PMID-15642685,REC-CTGOV-NCT00990158,NCT00990158,REC-PUBMED-15642685,15642685,BACKGROUND,needs_human_report_study_review
LINK-CTGOV-NCT00990158-PMID-15886802,REC-CTGOV-NCT00990158,NCT00990158,REC-PUBMED-15886802,15886802,BACKGROUND,needs_human_report_study_review
LINK-CTGOV-NCT00990158-PMID-16098445,REC-CTGOV-NCT00990158,NCT00990158,REC-PUBMED-16098445,16098445,BACKGROUND,needs_human_report_study_review
LINK-CTGOV-NCT00990158-PMID-16305294,REC-CTGOV-NCT00990158,NCT00990158,REC-PUBMED-16305294,16305294,BACKGROUND,needs_human_report_study_review
LINK-CTGOV-NCT00990158-PMID-17110451,REC-CTGOV-NCT00990158,NCT00990158,REC-PUBMED-17110451,17110451,BACKGROUND,needs_human_report_study_review
LINK-CTGOV-NCT00990158-PMID-17111199,REC-CTGOV-NCT00990158,NCT00990158,REC-PUBMED-17111199,17111199,BACKGROUND,needs_human_report_study_review
LINK-CTGOV-NCT00990158-PMID-17242311,REC-CTGOV-NCT00990158,NCT00990158,REC-PUBMED-17242311,17242311,BACKGROUND,needs_human_report_study_review
LINK-CTGOV-NCT00990158-PMID-17323135,REC-CTGOV-NCT00990158,NCT00990158,REC-PUBMED-17323135,17323135,BACKGROUND,needs_human_report_study_review
LINK-CTGOV-NCT00990158-PMID-17380255,REC-CTGOV-NCT00990158,NCT00990158,REC-PUBMED-17380255,17380255,BACKGROUND,needs_human_report_study_review
LINK-CTGOV-NCT00990158-PMID-17588394,REC-CTGOV-NCT00990158,NCT00990158,REC-PUBMED-17588394,17588394,BACKGROUND,needs_human_report_study_review
LINK-CTGOV-NCT00990158-PMID-17620536,REC-CTGOV-NCT00990158,NCT00990158,REC-PUBMED-17620536,17620536,BACKGROUND,needs_human_report_study_review
LINK-CTGOV-NCT00990158-PMID-17666020,REC-CTGOV-NCT00990158,NCT00990158,REC-PUBMED-17666020,17666020,BACKGROUND,needs_human_report_study_review
LINK-CTGOV-NCT00990158-PMID-18466315,REC-CTGOV-NCT00990158,NCT00990158,REC-PUBMED-18466315,18466315,BACKGROUND,needs_human_report_study_review
LINK-CTGOV-NCT00990158-PMID-18574265,REC-CTGOV-NCT00990158,NCT00990158,REC-PUBMED-18574265,18574265,BACKGROUND,needs_human_report_study_review
LINK-CTGOV-NCT00990158-PMID-18574268,REC-CTGOV-NCT00990158,NCT00990158,REC-PUBMED-18574268,18574268,BACKGROUND,needs_human_report_study_review
LINK-CTGOV-NCT00990158-PMID-18598364,REC-CTGOV-NCT00990158,NCT00990158,REC-PUBMED-18598364,18598364,BACKGROUND,needs_human_report_study_review
LINK-CTGOV-NCT00990158-PMID-18657012,REC-CTGOV-NCT00990158,NCT00990158,REC-PUBMED-18657012,18657012,BACKGROUND,needs_human_report_study_review
LINK-CTGOV-NCT00990158-PMID-18663203,REC-CTGOV-NCT00990158,NCT00990158,REC-PUBMED-18663203,18663203,BACKGROUND,needs_human_report_study_review
LINK-CTGOV-NCT00990158-PMID-19738137,REC-CTGOV-NCT00990158,NCT00990158,REC-PUBMED-19738137,19738137,BACKGROUND,needs_human_report_study_review
LINK-CTGOV-NCT00990158-PMID-27346552,REC-CTGOV-NCT00990158,NCT00990158,REC-PUBMED-27346552,27346552,DERIVED,needs_human_report_study_review
LINK-CTGOV-NCT00990158-PMID-8470047,REC-CTGOV-NCT00990158,NCT00990158,REC-PUBMED-8470047,8470047,BACKGROUND,needs_human_report_study_review
LINK-CTGOV-NCT00990158-PMID-9066002,REC-CTGOV-NCT00990158,NCT00990158,REC-PUBMED-9066002,9066002,BACKGROUND,needs_human_report_study_review
LINK-CTGOV-NCT00990158-PMID-9657434,REC-CTGOV-NCT00990158,NCT00990158,REC-PUBMED-9657434,9657434,BACKGROUND,needs_human_report_study_review
LINK-CTGOV-NCT01006733-PMID-19874474,REC-CTGOV-NCT01006733,NCT01006733,REC-PUBMED-19874474,19874474,BACKGROUND,needs_human_report_study_review
LINK-CTGOV-NCT01006733-PMID-20375999,REC-CTGOV-NCT01006733,NCT01006733,REC-PUBMED-20375999,20375999,BACKGROUND,needs_human_report_study_review
LINK-CTGOV-NCT01006733-PMID-20694283,REC-CTGOV-NCT01006733,NCT01006733,REC-PUBMED-20694283,20694283,BACKGROUND,needs_human_report_study_review
LINK-CTGOV-NCT01006733-PMID-21272753,REC-CTGOV-NCT01006733,NCT01006733,REC-PUBMED-21272753,21272753,BACKGROUND,needs_human_report_study_review
LINK-CTGOV-NCT01006733-PMID-21606949,REC-CTGOV-NCT01006733,NCT01006733,REC-PUBMED-21606949,21606949,BACKGROUND,needs_human_report_study_review
LINK-CTGOV-NCT01006733-PMID-21900891,REC-CTGOV-NCT01006733,NCT01006733,REC-PUBMED-21900891,21900891,BACKGROUND,needs_human_report_study_review
LINK-CTGOV-NCT01006733-PMID-22186998,REC-CTGOV-NCT01006733,NCT01006733,REC-PUBMED-22186998,22186998,BACKGROUND,needs_human_report_study_review
LINK-CTGOV-NCT01006733-PMID-25521356,REC-CTGOV-NCT01006733,NCT01006733,REC-PUBMED-25521356,25521356,BACKGROUND,needs_human_report_study_review
LINK-CTGOV-NCT01006733-PMID-26156715,REC-CTGOV-NCT01006733,NCT01006733,REC-PUBMED-26156715,26156715,BACKGROUND,needs_human_report_study_review
LINK-CTGOV-NCT01006733-PMID-27443162,REC-CTGOV-NCT01006733,NCT01006733,REC-PUBMED-27443162,27443162,BACKGROUND,needs_human_report_study_review
LINK-CTGOV-NCT01006733-PMID-28973620,REC-CTGOV-NCT01006733,NCT01006733,REC-PUBMED-28973620,28973620,DERIVED,needs_human_report_study_review
LINK-CTGOV-NCT01006733-PMID-31479138,REC-CTGOV-NCT01006733,NCT01006733,REC-PUBMED-31479138,31479138,DERIVED,needs_human_report_study_review
LINK-CTGOV-NCT01034124-PMID-19114462,REC-CTGOV-NCT01034124,NCT01034124,REC-PUBMED-19114462,19114462,RESULT,needs_human_report_study_review
LINK-CTGOV-NCT01130025-PMID-23764005,REC-CTGOV-NCT01130025,NCT01130025,REC-PUBMED-23764005,23764005,DERIVED,needs_human_report_study_review
LINK-CTGOV-NCT01130025-PMID-26284719,REC-CTGOV-NCT01130025,NCT01130025,REC-PUBMED-26284719,26284719,DERIVED,needs_human_report_study_review
LINK-CTGOV-NCT01130025-PMID-29618162,REC-CTGOV-NCT01130025,NCT01130025,REC-PUBMED-29618162,29618162,DERIVED,needs_human_report_study_review
LINK-CTGOV-NCT01130025-PMID-34878173,REC-CTGOV-NCT01130025,NCT01130025,REC-PUBMED-34878173,34878173,DERIVED,needs_human_report_study_review
LINK-CTGOV-NCT01175330-PMID-25027101,REC-CTGOV-NCT01175330,NCT01175330,REC-PUBMED-25027101,25027101,RESULT,needs_human_report_study_review
LINK-CTGOV-NCT01198275-PMID-21844082,REC-CTGOV-NCT01198275,NCT01198275,REC-PUBMED-21844082,21844082,DERIVED,needs_human_report_study_review
LINK-CTGOV-NCT01235130-PMID-25277614,REC-CTGOV-NCT01235130,NCT01235130,REC-PUBMED-25277614,25277614,DERIVED,needs_human_report_study_review
LINK-CTGOV-NCT01285661-PMID-28407492,REC-CTGOV-NCT01285661,NCT01285661,REC-PUBMED-28407492,28407492,DERIVED,needs_human_report_study_review
LINK-CTGOV-NCT01348074-PMID-18205763,REC-CTGOV-NCT01348074,NCT01348074,REC-PUBMED-18205763,18205763,BACKGROUND,needs_human_report_study_review
LINK-CTGOV-NCT01348074-PMID-24837794,REC-CTGOV-NCT01348074,NCT01348074,REC-PUBMED-24837794,24837794,RESULT,needs_human_report_study_review
LINK-CTGOV-NCT01400646-PMID-25475601,REC-CTGOV-NCT01400646,NCT01400646,REC-PUBMED-25475601,25475601,DERIVED,needs_human_report_study_review
LINK-CTGOV-NCT01507051-PMID-24528331,REC-CTGOV-NCT01507051,NCT01507051,REC-PUBMED-24528331,24528331,RESULT,needs_human_report_study_review
LINK-CTGOV-NCT01520402-PMID-10073515,REC-CTGOV-NCT01520402,NCT01520402,REC-PUBMED-10073515,10073515,BACKGROUND,needs_human_report_study_review
LINK-CTGOV-NCT01520402-PMID-12742309,REC-CTGOV-NCT01520402,NCT01520402,REC-PUBMED-12742309,12742309,BACKGROUND,needs_human_report_study_review
LINK-CTGOV-NCT01520402-PMID-15358623,REC-CTGOV-NCT01520402,NCT01520402,REC-PUBMED-15358623,15358623,BACKGROUND,needs_human_report_study_review
LINK-CTGOV-NCT01520402-PMID-15883587,REC-CTGOV-NCT01520402,NCT01520402,REC-PUBMED-15883587,15883587,BACKGROUND,needs_human_report_study_review
LINK-CTGOV-NCT01520402-PMID-15930419,REC-CTGOV-NCT01520402,NCT01520402,REC-PUBMED-15930419,15930419,BACKGROUND,needs_human_report_study_review
LINK-CTGOV-NCT01520402-PMID-15947090,REC-CTGOV-NCT01520402,NCT01520402,REC-PUBMED-15947090,15947090,BACKGROUND,needs_human_report_study_review
LINK-CTGOV-NCT01520402-PMID-16685005,REC-CTGOV-NCT01520402,NCT01520402,REC-PUBMED-16685005,16685005,BACKGROUND,needs_human_report_study_review
LINK-CTGOV-NCT01520402-PMID-17047216,REC-CTGOV-NCT01520402,NCT01520402,REC-PUBMED-17047216,17047216,BACKGROUND,needs_human_report_study_review
LINK-CTGOV-NCT01520402-PMID-17620536,REC-CTGOV-NCT01520402,NCT01520402,REC-PUBMED-17620536,17620536,BACKGROUND,needs_human_report_study_review
LINK-CTGOV-NCT01520402-PMID-17851566,REC-CTGOV-NCT01520402,NCT01520402,REC-PUBMED-17851566,17851566,BACKGROUND,needs_human_report_study_review
LINK-CTGOV-NCT01520402-PMID-17989110,REC-CTGOV-NCT01520402,NCT01520402,REC-PUBMED-17989110,17989110,BACKGROUND,needs_human_report_study_review
LINK-CTGOV-NCT01520402-PMID-18240910,REC-CTGOV-NCT01520402,NCT01520402,REC-PUBMED-18240910,18240910,BACKGROUND,needs_human_report_study_review
LINK-CTGOV-NCT01520402-PMID-18250228,REC-CTGOV-NCT01520402,NCT01520402,REC-PUBMED-18250228,18250228,BACKGROUND,needs_human_report_study_review
LINK-CTGOV-NCT01520402-PMID-18305455,REC-CTGOV-NCT01520402,NCT01520402,REC-PUBMED-18305455,18305455,BACKGROUND,needs_human_report_study_review
LINK-CTGOV-NCT01520402-PMID-18322281,REC-CTGOV-NCT01520402,NCT01520402,REC-PUBMED-18322281,18322281,BACKGROUND,needs_human_report_study_review
LINK-CTGOV-NCT01520402-PMID-18535201,REC-CTGOV-NCT01520402,NCT01520402,REC-PUBMED-18535201,18535201,BACKGROUND,needs_human_report_study_review
LINK-CTGOV-NCT01520402-PMID-19074728,REC-CTGOV-NCT01520402,NCT01520402,REC-PUBMED-19074728,19074728,BACKGROUND,needs_human_report_study_review
LINK-CTGOV-NCT01520402-PMID-19228618,REC-CTGOV-NCT01520402,NCT01520402,REC-PUBMED-19228618,19228618,BACKGROUND,needs_human_report_study_review
LINK-CTGOV-NCT01520402-PMID-19300499,REC-CTGOV-NCT01520402,NCT01520402,REC-PUBMED-19300499,19300499,BACKGROUND,needs_human_report_study_review
LINK-CTGOV-NCT01520402-PMID-19663669,REC-CTGOV-NCT01520402,NCT01520402,REC-PUBMED-19663669,19663669,BACKGROUND,needs_human_report_study_review
LINK-CTGOV-NCT01520402-PMID-19717844,REC-CTGOV-NCT01520402,NCT01520402,REC-PUBMED-19717844,19717844,BACKGROUND,needs_human_report_study_review
LINK-CTGOV-NCT01520402-PMID-19842940,REC-CTGOV-NCT01520402,NCT01520402,REC-PUBMED-19842940,19842940,BACKGROUND,needs_human_report_study_review
LINK-CTGOV-NCT01520402-PMID-19874474,REC-CTGOV-NCT01520402,NCT01520402,REC-PUBMED-19874474,19874474,BACKGROUND,needs_human_report_study_review
LINK-CTGOV-NCT01520402-PMID-20128861,REC-CTGOV-NCT01520402,NCT01520402,REC-PUBMED-20128861,20128861,BACKGROUND,needs_human_report_study_review
LINK-CTGOV-NCT01520402-PMID-20203262,REC-CTGOV-NCT01520402,NCT01520402,REC-PUBMED-20203262,20203262,BACKGROUND,needs_human_report_study_review
LINK-CTGOV-NCT01520402-PMID-20504253,REC-CTGOV-NCT01520402,NCT01520402,REC-PUBMED-20504253,20504253,BACKGROUND,needs_human_report_study_review
LINK-CTGOV-NCT01520402-PMID-20693186,REC-CTGOV-NCT01520402,NCT01520402,REC-PUBMED-20693186,20693186,BACKGROUND,needs_human_report_study_review
LINK-CTGOV-NCT01520402-PMID-21083927,REC-CTGOV-NCT01520402,NCT01520402,REC-PUBMED-21083927,21083927,BACKGROUND,needs_human_report_study_review
LINK-CTGOV-NCT01520402-PMID-21272753,REC-CTGOV-NCT01520402,NCT01520402,REC-PUBMED-21272753,21272753,BACKGROUND,needs_human_report_study_review
LINK-CTGOV-NCT01520402-PMID-21423021,REC-CTGOV-NCT01520402,NCT01520402,REC-PUBMED-21423021,21423021,BACKGROUND,needs_human_report_study_review
LINK-CTGOV-NCT01520402-PMID-21725053,REC-CTGOV-NCT01520402,NCT01520402,REC-PUBMED-21725053,21725053,BACKGROUND,needs_human_report_study_review
LINK-CTGOV-NCT01520402-PMID-21830957,REC-CTGOV-NCT01520402,NCT01520402,REC-PUBMED-21830957,21830957,BACKGROUND,needs_human_report_study_review
LINK-CTGOV-NCT01520402-PMID-21870978,REC-CTGOV-NCT01520402,NCT01520402,REC-PUBMED-21870978,21870978,BACKGROUND,needs_human_report_study_review
LINK-CTGOV-NCT01520402-PMID-24029542,REC-CTGOV-NCT01520402,NCT01520402,REC-PUBMED-24029542,24029542,DERIVED,needs_human_report_study_review
LINK-CTGOV-NCT01520402-PMID-8280198,REC-CTGOV-NCT01520402,NCT01520402,REC-PUBMED-8280198,8280198,BACKGROUND,needs_human_report_study_review
LINK-CTGOV-NCT01520402-PMID-8709780,REC-CTGOV-NCT01520402,NCT01520402,REC-PUBMED-8709780,8709780,BACKGROUND,needs_human_report_study_review
LINK-CTGOV-NCT01619007-PMID-26765643,REC-CTGOV-NCT01619007,NCT01619007,REC-PUBMED-26765643,26765643,DERIVED,needs_human_report_study_review
LINK-CTGOV-NCT01619007-PMID-31249987,REC-CTGOV-NCT01619007,NCT01619007,REC-PUBMED-31249987,31249987,DERIVED,needs_human_report_study_review
LINK-CTGOV-NCT01754779-PMID-30036516,REC-CTGOV-NCT01754779,NCT01754779,REC-PUBMED-30036516,30036516,BACKGROUND,needs_human_report_study_review
LINK-CTGOV-NCT01809015-PMID-24685605,REC-CTGOV-NCT01809015,NCT01809015,REC-PUBMED-24685605,24685605,DERIVED,needs_human_report_study_review
LINK-CTGOV-NCT01809015-PMID-25616558,REC-CTGOV-NCT01809015,NCT01809015,REC-PUBMED-25616558,25616558,DERIVED,needs_human_report_study_review
LINK-CTGOV-NCT01809015-PMID-26376038,REC-CTGOV-NCT01809015,NCT01809015,REC-PUBMED-26376038,26376038,DERIVED,needs_human_report_study_review
LINK-CTGOV-NCT01809015-PMID-28457013,REC-CTGOV-NCT01809015,NCT01809015,REC-PUBMED-28457013,28457013,DERIVED,needs_human_report_study_review
LINK-CTGOV-NCT01809015-PMID-29948286,REC-CTGOV-NCT01809015,NCT01809015,REC-PUBMED-29948286,29948286,DERIVED,needs_human_report_study_review
LINK-CTGOV-NCT01809015-PMID-31922545,REC-CTGOV-NCT01809015,NCT01809015,REC-PUBMED-31922545,31922545,DERIVED,needs_human_report_study_review
LINK-CTGOV-NCT01809015-PMID-33510343,REC-CTGOV-NCT01809015,NCT01809015,REC-PUBMED-33510343,33510343,DERIVED,needs_human_report_study_review
LINK-CTGOV-NCT01809015-PMID-35629401,REC-CTGOV-NCT01809015,NCT01809015,REC-PUBMED-35629401,35629401,DERIVED,needs_human_report_study_review
LINK-CTGOV-NCT01841944-PMID-24928284,REC-CTGOV-NCT01841944,NCT01841944,REC-PUBMED-24928284,24928284,DERIVED,needs_human_report_study_review
LINK-CTGOV-NCT01841944-PMID-31881852,REC-CTGOV-NCT01841944,NCT01841944,REC-PUBMED-31881852,31881852,DERIVED,needs_human_report_study_review
LINK-CTGOV-NCT01841944-PMID-33191772,REC-CTGOV-NCT01841944,NCT01841944,REC-PUBMED-33191772,33191772,DERIVED,needs_human_report_study_review
LINK-CTGOV-NCT01841944-PMID-33650449,REC-CTGOV-NCT01841944,NCT01841944,REC-PUBMED-33650449,33650449,DERIVED,needs_human_report_study_review
LINK-CTGOV-NCT01841944-PMID-34742136,REC-CTGOV-NCT01841944,NCT01841944,REC-PUBMED-34742136,34742136,DERIVED,needs_human_report_study_review
LINK-CTGOV-NCT01980004-PMID-10608522,REC-CTGOV-NCT01980004,NCT01980004,REC-PUBMED-10608522,10608522,BACKGROUND,needs_human_report_study_review
LINK-CTGOV-NCT01980004-PMID-12771710,REC-CTGOV-NCT01980004,NCT01980004,REC-PUBMED-12771710,12771710,BACKGROUND,needs_human_report_study_review
LINK-CTGOV-NCT01980004-PMID-15086911,REC-CTGOV-NCT01980004,NCT01980004,REC-PUBMED-15086911,15086911,BACKGROUND,needs_human_report_study_review
LINK-CTGOV-NCT01980004-PMID-15253733,REC-CTGOV-NCT01980004,NCT01980004,REC-PUBMED-15253733,15253733,BACKGROUND,needs_human_report_study_review
LINK-CTGOV-NCT01980004-PMID-1561497,REC-CTGOV-NCT01980004,NCT01980004,REC-PUBMED-1561497,1561497,BACKGROUND,needs_human_report_study_review
LINK-CTGOV-NCT01980004-PMID-17919696,REC-CTGOV-NCT01980004,NCT01980004,REC-PUBMED-17919696,17919696,BACKGROUND,needs_human_report_study_review
LINK-CTGOV-NCT01980004-PMID-19152932,REC-CTGOV-NCT01980004,NCT01980004,REC-PUBMED-19152932,19152932,BACKGROUND,needs_human_report_study_review
LINK-CTGOV-NCT01980004-PMID-22498635,REC-CTGOV-NCT01980004,NCT01980004,REC-PUBMED-22498635,22498635,BACKGROUND,needs_human_report_study_review
LINK-CTGOV-NCT02072434-PMID-24251359,REC-CTGOV-NCT02072434,NCT02072434,REC-PUBMED-24251359,24251359,BACKGROUND,needs_human_report_study_review
LINK-CTGOV-NCT02072434-PMID-25965706,REC-CTGOV-NCT02072434,NCT02072434,REC-PUBMED-25965706,25965706,DERIVED,needs_human_report_study_review
LINK-CTGOV-NCT02072434-PMID-27590218,REC-CTGOV-NCT02072434,NCT02072434,REC-PUBMED-27590218,27590218,DERIVED,needs_human_report_study_review
LINK-CTGOV-NCT02072434-PMID-29947751,REC-CTGOV-NCT02072434,NCT02072434,REC-PUBMED-29947751,29947751,DERIVED,needs_human_report_study_review
LINK-CTGOV-NCT02100228-PMID-29659797,REC-CTGOV-NCT02100228,NCT02100228,REC-PUBMED-29659797,29659797,DERIVED,needs_human_report_study_review
LINK-CTGOV-NCT02178410-PMID-33724323,REC-CTGOV-NCT02178410,NCT02178410,REC-PUBMED-33724323,33724323,RESULT,needs_human_report_study_review
LINK-CTGOV-NCT02178410-PMID-34612056,REC-CTGOV-NCT02178410,NCT02178410,REC-PUBMED-34612056,34612056,RESULT,needs_human_report_study_review
LINK-CTGOV-NCT02178410-PMID-36044209,REC-CTGOV-NCT02178410,NCT02178410,REC-PUBMED-36044209,36044209,RESULT,needs_human_report_study_review
LINK-CTGOV-NCT02178410-PMID-37454148,REC-CTGOV-NCT02178410,NCT02178410,REC-PUBMED-37454148,37454148,DERIVED,needs_human_report_study_review
LINK-CTGOV-NCT02178410-PMID-37468189,REC-CTGOV-NCT02178410,NCT02178410,REC-PUBMED-37468189,37468189,RESULT,needs_human_report_study_review
LINK-CTGOV-NCT02178410-PMID-38018439,REC-CTGOV-NCT02178410,NCT02178410,REC-PUBMED-38018439,38018439,RESULT,needs_human_report_study_review
LINK-CTGOV-NCT02219984-PMID-26001109,REC-CTGOV-NCT02219984,NCT02219984,REC-PUBMED-26001109,26001109,DERIVED,needs_human_report_study_review
LINK-CTGOV-NCT02219984-PMID-40519207,REC-CTGOV-NCT02219984,NCT02219984,REC-PUBMED-40519207,40519207,DERIVED,needs_human_report_study_review
LINK-CTGOV-NCT02219984-PMID-41182346,REC-CTGOV-NCT02219984,NCT02219984,REC-PUBMED-41182346,41182346,DERIVED,needs_human_report_study_review
LINK-CTGOV-NCT02227550-PMID-28130378,REC-CTGOV-NCT02227550,NCT02227550,REC-PUBMED-28130378,28130378,BACKGROUND,needs_human_report_study_review
LINK-CTGOV-NCT02227550-PMID-32725107,REC-CTGOV-NCT02227550,NCT02227550,REC-PUBMED-32725107,32725107,DERIVED,needs_human_report_study_review
LINK-CTGOV-NCT02227550-PMID-35135308,REC-CTGOV-NCT02227550,NCT02227550,REC-PUBMED-35135308,35135308,DERIVED,needs_human_report_study_review
LINK-CTGOV-NCT02227550-PMID-37897713,REC-CTGOV-NCT02227550,NCT02227550,REC-PUBMED-37897713,37897713,DERIVED,needs_human_report_study_review
LINK-CTGOV-NCT02273609-PMID-12968085,REC-CTGOV-NCT02273609,NCT02273609,REC-PUBMED-12968085,12968085,RESULT,needs_human_report_study_review
LINK-CTGOV-NCT02273609-PMID-15546539,REC-CTGOV-NCT02273609,NCT02273609,REC-PUBMED-15546539,15546539,RESULT,needs_human_report_study_review
LINK-CTGOV-NCT02273609-PMID-16494639,REC-CTGOV-NCT02273609,NCT02273609,REC-PUBMED-16494639,16494639,RESULT,needs_human_report_study_review
LINK-CTGOV-NCT02273609-PMID-17221328,REC-CTGOV-NCT02273609,NCT02273609,REC-PUBMED-17221328,17221328,RESULT,needs_human_report_study_review
LINK-CTGOV-NCT02273609-PMID-19062079,REC-CTGOV-NCT02273609,NCT02273609,REC-PUBMED-19062079,19062079,RESULT,needs_human_report_study_review
LINK-CTGOV-NCT02273609-PMID-21504259,REC-CTGOV-NCT02273609,NCT02273609,REC-PUBMED-21504259,21504259,RESULT,needs_human_report_study_review
LINK-CTGOV-NCT02273609-PMID-21901239,REC-CTGOV-NCT02273609,NCT02273609,REC-PUBMED-21901239,21901239,RESULT,needs_human_report_study_review
LINK-CTGOV-NCT02273609-PMID-23683967,REC-CTGOV-NCT02273609,NCT02273609,REC-PUBMED-23683967,23683967,RESULT,needs_human_report_study_review
LINK-CTGOV-NCT02273609-PMID-25173533,REC-CTGOV-NCT02273609,NCT02273609,REC-PUBMED-25173533,25173533,RESULT,needs_human_report_study_review
LINK-CTGOV-NCT02303795-PMID-33045224,REC-CTGOV-NCT02303795,NCT02303795,REC-PUBMED-33045224,33045224,DERIVED,needs_human_report_study_review
LINK-CTGOV-NCT02303795-PMID-33196155,REC-CTGOV-NCT02303795,NCT02303795,REC-PUBMED-33196155,33196155,DERIVED,needs_human_report_study_review
LINK-CTGOV-NCT02318342-PMID-26436963,REC-CTGOV-NCT02318342,NCT02318342,REC-PUBMED-26436963,26436963,BACKGROUND,needs_human_report_study_review
LINK-CTGOV-NCT02318342-PMID-28330690,REC-CTGOV-NCT02318342,NCT02318342,REC-PUBMED-28330690,28330690,BACKGROUND,needs_human_report_study_review
LINK-CTGOV-NCT02318342-PMID-32192689,REC-CTGOV-NCT02318342,NCT02318342,REC-PUBMED-32192689,32192689,DERIVED,needs_human_report_study_review
LINK-CTGOV-NCT02318342-PMID-33213747,REC-CTGOV-NCT02318342,NCT02318342,REC-PUBMED-33213747,33213747,DERIVED,needs_human_report_study_review
LINK-CTGOV-NCT02318342-PMID-35680192,REC-CTGOV-NCT02318342,NCT02318342,REC-PUBMED-35680192,35680192,DERIVED,needs_human_report_study_review
LINK-CTGOV-NCT02318342-PMID-39260960,REC-CTGOV-NCT02318342,NCT02318342,REC-PUBMED-39260960,39260960,DERIVED,needs_human_report_study_review
LINK-CTGOV-NCT02318342-PMID-40325986,REC-CTGOV-NCT02318342,NCT02318342,REC-PUBMED-40325986,40325986,DERIVED,needs_human_report_study_review
LINK-CTGOV-NCT02324686-PMID-11260056,REC-CTGOV-NCT02324686,NCT02324686,REC-PUBMED-11260056,11260056,BACKGROUND,needs_human_report_study_review
LINK-CTGOV-NCT02324686-PMID-15231565,REC-CTGOV-NCT02324686,NCT02324686,REC-PUBMED-15231565,15231565,BACKGROUND,needs_human_report_study_review
LINK-CTGOV-NCT02324686-PMID-15886802,REC-CTGOV-NCT02324686,NCT02324686,REC-PUBMED-15886802,15886802,BACKGROUND,needs_human_report_study_review
LINK-CTGOV-NCT02324686-PMID-16305294,REC-CTGOV-NCT02324686,NCT02324686,REC-PUBMED-16305294,16305294,BACKGROUND,needs_human_report_study_review
LINK-CTGOV-NCT02324686-PMID-17110451,REC-CTGOV-NCT02324686,NCT02324686,REC-PUBMED-17110451,17110451,BACKGROUND,needs_human_report_study_review
LINK-CTGOV-NCT02324686-PMID-17296878,REC-CTGOV-NCT02324686,NCT02324686,REC-PUBMED-17296878,17296878,BACKGROUND,needs_human_report_study_review
LINK-CTGOV-NCT02324686-PMID-17323135,REC-CTGOV-NCT02324686,NCT02324686,REC-PUBMED-17323135,17323135,BACKGROUND,needs_human_report_study_review
LINK-CTGOV-NCT02324686-PMID-17666020,REC-CTGOV-NCT02324686,NCT02324686,REC-PUBMED-17666020,17666020,BACKGROUND,needs_human_report_study_review
LINK-CTGOV-NCT02324686-PMID-17698826,REC-CTGOV-NCT02324686,NCT02324686,REC-PUBMED-17698826,17698826,BACKGROUND,needs_human_report_study_review
LINK-CTGOV-NCT02324686-PMID-19809054,REC-CTGOV-NCT02324686,NCT02324686,REC-PUBMED-19809054,19809054,BACKGROUND,needs_human_report_study_review
LINK-CTGOV-NCT02324686-PMID-19878532,REC-CTGOV-NCT02324686,NCT02324686,REC-PUBMED-19878532,19878532,BACKGROUND,needs_human_report_study_review
LINK-CTGOV-NCT02324686-PMID-21193422,REC-CTGOV-NCT02324686,NCT02324686,REC-PUBMED-21193422,21193422,BACKGROUND,needs_human_report_study_review
LINK-CTGOV-NCT02324686-PMID-21414530,REC-CTGOV-NCT02324686,NCT02324686,REC-PUBMED-21414530,21414530,BACKGROUND,needs_human_report_study_review
LINK-CTGOV-NCT02324686-PMID-22169620,REC-CTGOV-NCT02324686,NCT02324686,REC-PUBMED-22169620,22169620,BACKGROUND,needs_human_report_study_review
LINK-CTGOV-NCT02324686-PMID-22315259,REC-CTGOV-NCT02324686,NCT02324686,REC-PUBMED-22315259,22315259,BACKGROUND,needs_human_report_study_review
LINK-CTGOV-NCT02324686-PMID-22433576,REC-CTGOV-NCT02324686,NCT02324686,REC-PUBMED-22433576,22433576,BACKGROUND,needs_human_report_study_review
LINK-CTGOV-NCT02324686-PMID-22648294,REC-CTGOV-NCT02324686,NCT02324686,REC-PUBMED-22648294,22648294,BACKGROUND,needs_human_report_study_review
LINK-CTGOV-NCT02324686-PMID-23114898,REC-CTGOV-NCT02324686,NCT02324686,REC-PUBMED-23114898,23114898,BACKGROUND,needs_human_report_study_review
LINK-CTGOV-NCT02324686-PMID-23677245,REC-CTGOV-NCT02324686,NCT02324686,REC-PUBMED-23677245,23677245,BACKGROUND,needs_human_report_study_review
LINK-CTGOV-NCT02324686-PMID-23744743,REC-CTGOV-NCT02324686,NCT02324686,REC-PUBMED-23744743,23744743,BACKGROUND,needs_human_report_study_review
LINK-CTGOV-NCT02324686-PMID-23953594,REC-CTGOV-NCT02324686,NCT02324686,REC-PUBMED-23953594,23953594,BACKGROUND,needs_human_report_study_review
LINK-CTGOV-NCT02324686-PMID-24008579,REC-CTGOV-NCT02324686,NCT02324686,REC-PUBMED-24008579,24008579,BACKGROUND,needs_human_report_study_review
LINK-CTGOV-NCT02324686-PMID-24285427,REC-CTGOV-NCT02324686,NCT02324686,REC-PUBMED-24285427,24285427,BACKGROUND,needs_human_report_study_review
LINK-CTGOV-NCT02324686-PMID-24452752,REC-CTGOV-NCT02324686,NCT02324686,REC-PUBMED-24452752,24452752,BACKGROUND,needs_human_report_study_review
LINK-CTGOV-NCT02324686-PMID-24685669,REC-CTGOV-NCT02324686,NCT02324686,REC-PUBMED-24685669,24685669,BACKGROUND,needs_human_report_study_review
LINK-CTGOV-NCT02429453-PMID-37870112,REC-CTGOV-NCT02429453,NCT02429453,REC-PUBMED-37870112,37870112,DERIVED,needs_human_report_study_review
LINK-CTGOV-NCT02464969-PMID-42392108,REC-CTGOV-NCT02464969,NCT02464969,REC-PUBMED-42392108,42392108,DERIVED,needs_human_report_study_review
LINK-CTGOV-NCT02488421-PMID-27678530,REC-CTGOV-NCT02488421,NCT02488421,REC-PUBMED-27678530,27678530,DERIVED,needs_human_report_study_review
LINK-CTGOV-NCT02488421-PMID-29398546,REC-CTGOV-NCT02488421,NCT02488421,REC-PUBMED-29398546,29398546,DERIVED,needs_human_report_study_review
LINK-CTGOV-NCT02533960-PMID-31259266,REC-CTGOV-NCT02533960,NCT02533960,REC-PUBMED-31259266,31259266,BACKGROUND,needs_human_report_study_review
LINK-CTGOV-NCT02533960-PMID-41749338,REC-CTGOV-NCT02533960,NCT02533960,REC-PUBMED-41749338,41749338,DERIVED,needs_human_report_study_review
LINK-CTGOV-NCT02533960-PMID-42087546,REC-CTGOV-NCT02533960,NCT02533960,REC-PUBMED-42087546,42087546,DERIVED,needs_human_report_study_review
LINK-CTGOV-NCT02565836-PMID-17852462,REC-CTGOV-NCT02565836,NCT02565836,REC-PUBMED-17852462,17852462,BACKGROUND,needs_human_report_study_review
LINK-CTGOV-NCT02565836-PMID-20436891,REC-CTGOV-NCT02565836,NCT02565836,REC-PUBMED-20436891,20436891,BACKGROUND,needs_human_report_study_review
LINK-CTGOV-NCT02565836-PMID-22491734,REC-CTGOV-NCT02565836,NCT02565836,REC-PUBMED-22491734,22491734,BACKGROUND,needs_human_report_study_review
LINK-CTGOV-NCT02565836-PMID-23763937,REC-CTGOV-NCT02565836,NCT02565836,REC-PUBMED-23763937,23763937,BACKGROUND,needs_human_report_study_review
LINK-CTGOV-NCT02565836-PMID-23935011,REC-CTGOV-NCT02565836,NCT02565836,REC-PUBMED-23935011,23935011,BACKGROUND,needs_human_report_study_review
LINK-CTGOV-NCT02610933-PMID-38189593,REC-CTGOV-NCT02610933,NCT02610933,REC-PUBMED-38189593,38189593,DERIVED,needs_human_report_study_review
LINK-CTGOV-NCT02618577-PMID-28760205,REC-CTGOV-NCT02618577,NCT02618577,REC-PUBMED-28760205,28760205,BACKGROUND,needs_human_report_study_review
LINK-CTGOV-NCT02618577-PMID-31377792,REC-CTGOV-NCT02618577,NCT02618577,REC-PUBMED-31377792,31377792,BACKGROUND,needs_human_report_study_review
LINK-CTGOV-NCT02618577-PMID-37622677,REC-CTGOV-NCT02618577,NCT02618577,REC-PUBMED-37622677,37622677,DERIVED,needs_human_report_study_review
LINK-CTGOV-NCT02735902-PMID-11575214,REC-CTGOV-NCT02735902,NCT02735902,REC-PUBMED-11575214,11575214,BACKGROUND,needs_human_report_study_review
LINK-CTGOV-NCT02735902-PMID-23026477,REC-CTGOV-NCT02735902,NCT02735902,REC-PUBMED-23026477,23026477,BACKGROUND,needs_human_report_study_review
LINK-CTGOV-NCT02740335-PMID-12424167,REC-CTGOV-NCT02740335,NCT02740335,REC-PUBMED-12424167,12424167,BACKGROUND,needs_human_report_study_review
LINK-CTGOV-NCT02740335-PMID-12586128,REC-CTGOV-NCT02740335,NCT02740335,REC-PUBMED-12586128,12586128,BACKGROUND,needs_human_report_study_review
LINK-CTGOV-NCT02740335-PMID-16182346,REC-CTGOV-NCT02740335,NCT02740335,REC-PUBMED-16182346,16182346,BACKGROUND,needs_human_report_study_review
LINK-CTGOV-NCT02740335-PMID-16689743,REC-CTGOV-NCT02740335,NCT02740335,REC-PUBMED-16689743,16689743,BACKGROUND,needs_human_report_study_review
LINK-CTGOV-NCT02740335-PMID-16810012,REC-CTGOV-NCT02740335,NCT02740335,REC-PUBMED-16810012,16810012,BACKGROUND,needs_human_report_study_review
LINK-CTGOV-NCT02740335-PMID-21671894,REC-CTGOV-NCT02740335,NCT02740335,REC-PUBMED-21671894,21671894,BACKGROUND,needs_human_report_study_review
LINK-CTGOV-NCT02740335-PMID-2281231,REC-CTGOV-NCT02740335,NCT02740335,REC-PUBMED-2281231,2281231,BACKGROUND,needs_human_report_study_review
LINK-CTGOV-NCT02740335-PMID-25728933,REC-CTGOV-NCT02740335,NCT02740335,REC-PUBMED-25728933,25728933,BACKGROUND,needs_human_report_study_review
LINK-CTGOV-NCT02740335-PMID-39088218,REC-CTGOV-NCT02740335,NCT02740335,REC-PUBMED-39088218,39088218,DERIVED,needs_human_report_study_review
LINK-CTGOV-NCT02740335-PMID-8709780,REC-CTGOV-NCT02740335,NCT02740335,REC-PUBMED-8709780,8709780,BACKGROUND,needs_human_report_study_review
LINK-CTGOV-NCT02740335-PMID-9065997,REC-CTGOV-NCT02740335,NCT02740335,REC-PUBMED-9065997,9065997,BACKGROUND,needs_human_report_study_review
LINK-CTGOV-NCT02740335-PMID-9403477,REC-CTGOV-NCT02740335,NCT02740335,REC-PUBMED-9403477,9403477,BACKGROUND,needs_human_report_study_review
LINK-CTGOV-NCT02740335-PMID-9857468,REC-CTGOV-NCT02740335,NCT02740335,REC-PUBMED-9857468,9857468,BACKGROUND,needs_human_report_study_review
LINK-CTGOV-NCT02740712-PMID-30427584,REC-CTGOV-NCT02740712,NCT02740712,REC-PUBMED-30427584,30427584,DERIVED,needs_human_report_study_review
LINK-CTGOV-NCT02823093-PMID-15265793,REC-CTGOV-NCT02823093,NCT02823093,REC-PUBMED-15265793,15265793,BACKGROUND,needs_human_report_study_review
LINK-CTGOV-NCT02823093-PMID-18841280,REC-CTGOV-NCT02823093,NCT02823093,REC-PUBMED-18841280,18841280,BACKGROUND,needs_human_report_study_review
LINK-CTGOV-NCT02823093-PMID-6607731,REC-CTGOV-NCT02823093,NCT02823093,REC-PUBMED-6607731,6607731,BACKGROUND,needs_human_report_study_review
LINK-CTGOV-NCT02823093-PMID-9743228,REC-CTGOV-NCT02823093,NCT02823093,REC-PUBMED-9743228,9743228,BACKGROUND,needs_human_report_study_review
LINK-CTGOV-NCT02933697-PMID-30206088,REC-CTGOV-NCT02933697,NCT02933697,REC-PUBMED-30206088,30206088,DERIVED,needs_human_report_study_review
LINK-CTGOV-NCT02933697-PMID-36335915,REC-CTGOV-NCT02933697,NCT02933697,REC-PUBMED-36335915,36335915,DERIVED,needs_human_report_study_review
LINK-CTGOV-NCT02981472-PMID-38057072,REC-CTGOV-NCT02981472,NCT02981472,REC-PUBMED-38057072,38057072,DERIVED,needs_human_report_study_review
LINK-CTGOV-NCT03017001-PMID-22729296,REC-CTGOV-NCT03017001,NCT03017001,REC-PUBMED-22729296,22729296,RESULT,needs_human_report_study_review
LINK-CTGOV-NCT03017001-PMID-25163472,REC-CTGOV-NCT03017001,NCT03017001,REC-PUBMED-25163472,25163472,BACKGROUND,needs_human_report_study_review
LINK-CTGOV-NCT03017001-PMID-27293143,REC-CTGOV-NCT03017001,NCT03017001,REC-PUBMED-27293143,27293143,RESULT,needs_human_report_study_review
LINK-CTGOV-NCT03085576-PMID-30322836,REC-CTGOV-NCT03085576,NCT03085576,REC-PUBMED-30322836,30322836,BACKGROUND,needs_human_report_study_review
LINK-CTGOV-NCT03085576-PMID-33704830,REC-CTGOV-NCT03085576,NCT03085576,REC-PUBMED-33704830,33704830,BACKGROUND,needs_human_report_study_review
LINK-CTGOV-NCT03087149-PMID-10212074,REC-CTGOV-NCT03087149,NCT03087149,REC-PUBMED-10212074,10212074,BACKGROUND,needs_human_report_study_review
LINK-CTGOV-NCT03087149-PMID-10943972,REC-CTGOV-NCT03087149,NCT03087149,REC-PUBMED-10943972,10943972,BACKGROUND,needs_human_report_study_review
LINK-CTGOV-NCT03087149-PMID-11795683,REC-CTGOV-NCT03087149,NCT03087149,REC-PUBMED-11795683,11795683,BACKGROUND,needs_human_report_study_review
LINK-CTGOV-NCT03087149-PMID-16399151,REC-CTGOV-NCT03087149,NCT03087149,REC-PUBMED-16399151,16399151,BACKGROUND,needs_human_report_study_review
LINK-CTGOV-NCT03087149-PMID-17577338,REC-CTGOV-NCT03087149,NCT03087149,REC-PUBMED-17577338,17577338,BACKGROUND,needs_human_report_study_review
LINK-CTGOV-NCT03087149-PMID-19881390,REC-CTGOV-NCT03087149,NCT03087149,REC-PUBMED-19881390,19881390,BACKGROUND,needs_human_report_study_review
LINK-CTGOV-NCT03087149-PMID-21681177,REC-CTGOV-NCT03087149,NCT03087149,REC-PUBMED-21681177,21681177,BACKGROUND,needs_human_report_study_review
LINK-CTGOV-NCT03087149-PMID-21706518,REC-CTGOV-NCT03087149,NCT03087149,REC-PUBMED-21706518,21706518,BACKGROUND,needs_human_report_study_review
LINK-CTGOV-NCT03087149-PMID-22331333,REC-CTGOV-NCT03087149,NCT03087149,REC-PUBMED-22331333,22331333,BACKGROUND,needs_human_report_study_review
LINK-CTGOV-NCT03087149-PMID-23070790,REC-CTGOV-NCT03087149,NCT03087149,REC-PUBMED-23070790,23070790,BACKGROUND,needs_human_report_study_review
LINK-CTGOV-NCT03087149-PMID-23542507,REC-CTGOV-NCT03087149,NCT03087149,REC-PUBMED-23542507,23542507,BACKGROUND,needs_human_report_study_review
LINK-CTGOV-NCT03087149-PMID-23629620,REC-CTGOV-NCT03087149,NCT03087149,REC-PUBMED-23629620,23629620,BACKGROUND,needs_human_report_study_review
LINK-CTGOV-NCT03087149-PMID-23852093,REC-CTGOV-NCT03087149,NCT03087149,REC-PUBMED-23852093,23852093,BACKGROUND,needs_human_report_study_review
LINK-CTGOV-NCT03087149-PMID-24002961,REC-CTGOV-NCT03087149,NCT03087149,REC-PUBMED-24002961,24002961,BACKGROUND,needs_human_report_study_review
LINK-CTGOV-NCT03087149-PMID-24189972,REC-CTGOV-NCT03087149,NCT03087149,REC-PUBMED-24189972,24189972,BACKGROUND,needs_human_report_study_review
LINK-CTGOV-NCT03087149-PMID-24456284,REC-CTGOV-NCT03087149,NCT03087149,REC-PUBMED-24456284,24456284,BACKGROUND,needs_human_report_study_review
LINK-CTGOV-NCT03087149-PMID-24463662,REC-CTGOV-NCT03087149,NCT03087149,REC-PUBMED-24463662,24463662,BACKGROUND,needs_human_report_study_review
LINK-CTGOV-NCT03087149-PMID-25283480,REC-CTGOV-NCT03087149,NCT03087149,REC-PUBMED-25283480,25283480,BACKGROUND,needs_human_report_study_review
LINK-CTGOV-NCT03087149-PMID-25504199,REC-CTGOV-NCT03087149,NCT03087149,REC-PUBMED-25504199,25504199,BACKGROUND,needs_human_report_study_review
LINK-CTGOV-NCT03087149-PMID-25683497,REC-CTGOV-NCT03087149,NCT03087149,REC-PUBMED-25683497,25683497,BACKGROUND,needs_human_report_study_review
LINK-CTGOV-NCT03087149-PMID-25786473,REC-CTGOV-NCT03087149,NCT03087149,REC-PUBMED-25786473,25786473,BACKGROUND,needs_human_report_study_review
LINK-CTGOV-NCT03087149-PMID-25850574,REC-CTGOV-NCT03087149,NCT03087149,REC-PUBMED-25850574,25850574,BACKGROUND,needs_human_report_study_review
LINK-CTGOV-NCT03087149-PMID-26226242,REC-CTGOV-NCT03087149,NCT03087149,REC-PUBMED-26226242,26226242,BACKGROUND,needs_human_report_study_review
LINK-CTGOV-NCT03087149-PMID-27079965,REC-CTGOV-NCT03087149,NCT03087149,REC-PUBMED-27079965,27079965,BACKGROUND,needs_human_report_study_review
LINK-CTGOV-NCT03087149-PMID-28893306,REC-CTGOV-NCT03087149,NCT03087149,REC-PUBMED-28893306,28893306,DERIVED,needs_human_report_study_review
LINK-CTGOV-NCT03178864-PMID-37675613,REC-CTGOV-NCT03178864,NCT03178864,REC-PUBMED-37675613,37675613,DERIVED,needs_human_report_study_review
LINK-CTGOV-NCT03232398-PMID-15842354,REC-CTGOV-NCT03232398,NCT03232398,REC-PUBMED-15842354,15842354,BACKGROUND,needs_human_report_study_review
LINK-CTGOV-NCT03232398-PMID-16330789,REC-CTGOV-NCT03232398,NCT03232398,REC-PUBMED-16330789,16330789,BACKGROUND,needs_human_report_study_review
LINK-CTGOV-NCT03232398-PMID-21870978,REC-CTGOV-NCT03232398,NCT03232398,REC-PUBMED-21870978,21870978,BACKGROUND,needs_human_report_study_review
LINK-CTGOV-NCT03232398-PMID-2913497,REC-CTGOV-NCT03232398,NCT03232398,REC-PUBMED-2913497,2913497,BACKGROUND,needs_human_report_study_review
LINK-CTGOV-NCT03232398-PMID-8409034,REC-CTGOV-NCT03232398,NCT03232398,REC-PUBMED-8409034,8409034,BACKGROUND,needs_human_report_study_review
LINK-CTGOV-NCT03254147-PMID-32394292,REC-CTGOV-NCT03254147,NCT03254147,REC-PUBMED-32394292,32394292,DERIVED,needs_human_report_study_review
LINK-CTGOV-NCT03359876-PMID-35392744,REC-CTGOV-NCT03359876,NCT03359876,REC-PUBMED-35392744,35392744,DERIVED,needs_human_report_study_review
LINK-CTGOV-NCT03365687-PMID-31892662,REC-CTGOV-NCT03365687,NCT03365687,REC-PUBMED-31892662,31892662,BACKGROUND,needs_human_report_study_review
LINK-CTGOV-NCT03365687-PMID-41966354,REC-CTGOV-NCT03365687,NCT03365687,REC-PUBMED-41966354,41966354,DERIVED,needs_human_report_study_review
LINK-CTGOV-NCT03374540-PMID-30597611,REC-CTGOV-NCT03374540,NCT03374540,REC-PUBMED-30597611,30597611,RESULT,needs_human_report_study_review
LINK-CTGOV-NCT03374540-PMID-31099460,REC-CTGOV-NCT03374540,NCT03374540,REC-PUBMED-31099460,31099460,RESULT,needs_human_report_study_review
LINK-CTGOV-NCT03374540-PMID-31392894,REC-CTGOV-NCT03374540,NCT03374540,REC-PUBMED-31392894,31392894,RESULT,needs_human_report_study_review
LINK-CTGOV-NCT03374540-PMID-31432074,REC-CTGOV-NCT03374540,NCT03374540,REC-PUBMED-31432074,31432074,RESULT,needs_human_report_study_review
LINK-CTGOV-NCT03566303-PMID-30293126,REC-CTGOV-NCT03566303,NCT03566303,REC-PUBMED-30293126,30293126,DERIVED,needs_human_report_study_review
LINK-CTGOV-NCT03566303-PMID-33150497,REC-CTGOV-NCT03566303,NCT03566303,REC-PUBMED-33150497,33150497,DERIVED,needs_human_report_study_review
LINK-CTGOV-NCT03702582-PMID-19717844,REC-CTGOV-NCT03702582,NCT03702582,REC-PUBMED-19717844,19717844,BACKGROUND,needs_human_report_study_review
LINK-CTGOV-NCT03702582-PMID-21830957,REC-CTGOV-NCT03702582,NCT03702582,REC-PUBMED-21830957,21830957,BACKGROUND,needs_human_report_study_review
LINK-CTGOV-NCT03702582-PMID-21870978,REC-CTGOV-NCT03702582,NCT03702582,REC-PUBMED-21870978,21870978,BACKGROUND,needs_human_report_study_review
LINK-CTGOV-NCT03702582-PMID-24251359,REC-CTGOV-NCT03702582,NCT03702582,REC-PUBMED-24251359,24251359,BACKGROUND,needs_human_report_study_review
LINK-CTGOV-NCT03702582-PMID-26482512,REC-CTGOV-NCT03702582,NCT03702582,REC-PUBMED-26482512,26482512,BACKGROUND,needs_human_report_study_review
LINK-CTGOV-NCT03702582-PMID-27043047,REC-CTGOV-NCT03702582,NCT03702582,REC-PUBMED-27043047,27043047,BACKGROUND,needs_human_report_study_review
LINK-CTGOV-NCT03702582-PMID-27929207,REC-CTGOV-NCT03702582,NCT03702582,REC-PUBMED-27929207,27929207,BACKGROUND,needs_human_report_study_review
LINK-CTGOV-NCT03702582-PMID-29273637,REC-CTGOV-NCT03702582,NCT03702582,REC-PUBMED-29273637,29273637,BACKGROUND,needs_human_report_study_review
LINK-CTGOV-NCT03702582-PMID-29590141,REC-CTGOV-NCT03702582,NCT03702582,REC-PUBMED-29590141,29590141,BACKGROUND,needs_human_report_study_review
LINK-CTGOV-NCT03702582-PMID-29590304,REC-CTGOV-NCT03702582,NCT03702582,REC-PUBMED-29590304,29590304,BACKGROUND,needs_human_report_study_review
LINK-CTGOV-NCT03702582-PMID-30145946,REC-CTGOV-NCT03702582,NCT03702582,REC-PUBMED-30145946,30145946,BACKGROUND,needs_human_report_study_review
LINK-CTGOV-NCT03702582-PMID-32889881,REC-CTGOV-NCT03702582,NCT03702582,REC-PUBMED-32889881,32889881,DERIVED,needs_human_report_study_review
LINK-CTGOV-NCT03799822-PMID-33753537,REC-CTGOV-NCT03799822,NCT03799822,REC-PUBMED-33753537,33753537,DERIVED,needs_human_report_study_review
LINK-CTGOV-NCT03799822-PMID-38189593,REC-CTGOV-NCT03799822,NCT03799822,REC-PUBMED-38189593,38189593,DERIVED,needs_human_report_study_review
LINK-CTGOV-NCT03968393-PMID-39921772,REC-CTGOV-NCT03968393,NCT03968393,REC-PUBMED-39921772,39921772,DERIVED,needs_human_report_study_review
LINK-CTGOV-NCT03977363-PMID-15842354,REC-CTGOV-NCT03977363,NCT03977363,REC-PUBMED-15842354,15842354,BACKGROUND,needs_human_report_study_review
LINK-CTGOV-NCT03977363-PMID-19966341,REC-CTGOV-NCT03977363,NCT03977363,REC-PUBMED-19966341,19966341,BACKGROUND,needs_human_report_study_review
LINK-CTGOV-NCT03977363-PMID-22449293,REC-CTGOV-NCT03977363,NCT03977363,REC-PUBMED-22449293,22449293,BACKGROUND,needs_human_report_study_review
LINK-CTGOV-NCT03977363-PMID-23097696,REC-CTGOV-NCT03977363,NCT03977363,REC-PUBMED-23097696,23097696,BACKGROUND,needs_human_report_study_review
LINK-CTGOV-NCT03977363-PMID-23216615,REC-CTGOV-NCT03977363,NCT03977363,REC-PUBMED-23216615,23216615,BACKGROUND,needs_human_report_study_review
LINK-CTGOV-NCT03977363-PMID-23991658,REC-CTGOV-NCT03977363,NCT03977363,REC-PUBMED-23991658,23991658,BACKGROUND,needs_human_report_study_review
LINK-CTGOV-NCT03977363-PMID-24315724,REC-CTGOV-NCT03977363,NCT03977363,REC-PUBMED-24315724,24315724,BACKGROUND,needs_human_report_study_review
LINK-CTGOV-NCT03977363-PMID-26001109,REC-CTGOV-NCT03977363,NCT03977363,REC-PUBMED-26001109,26001109,BACKGROUND,needs_human_report_study_review
LINK-CTGOV-NCT03977363-PMID-26037103,REC-CTGOV-NCT03977363,NCT03977363,REC-PUBMED-26037103,26037103,BACKGROUND,needs_human_report_study_review
LINK-CTGOV-NCT04045665-PMID-33251914,REC-CTGOV-NCT04045665,NCT04045665,REC-PUBMED-33251914,33251914,DERIVED,needs_human_report_study_review
LINK-CTGOV-NCT04045665-PMID-39921772,REC-CTGOV-NCT04045665,NCT04045665,REC-PUBMED-39921772,39921772,DERIVED,needs_human_report_study_review
LINK-CTGOV-NCT04045665-PMID-41609362,REC-CTGOV-NCT04045665,NCT04045665,REC-PUBMED-41609362,41609362,DERIVED,needs_human_report_study_review
LINK-CTGOV-NCT04066764-PMID-11228276,REC-CTGOV-NCT04066764,NCT04066764,REC-PUBMED-11228276,11228276,BACKGROUND,needs_human_report_study_review
LINK-CTGOV-NCT04066764-PMID-18579812,REC-CTGOV-NCT04066764,NCT04066764,REC-PUBMED-18579812,18579812,BACKGROUND,needs_human_report_study_review
LINK-CTGOV-NCT04066764-PMID-19411100,REC-CTGOV-NCT04066764,NCT04066764,REC-PUBMED-19411100,19411100,BACKGROUND,needs_human_report_study_review
LINK-CTGOV-NCT04066764-PMID-21128814,REC-CTGOV-NCT04066764,NCT04066764,REC-PUBMED-21128814,21128814,BACKGROUND,needs_human_report_study_review
LINK-CTGOV-NCT04066764-PMID-22449293,REC-CTGOV-NCT04066764,NCT04066764,REC-PUBMED-22449293,22449293,BACKGROUND,needs_human_report_study_review
LINK-CTGOV-NCT04066764-PMID-25851122,REC-CTGOV-NCT04066764,NCT04066764,REC-PUBMED-25851122,25851122,BACKGROUND,needs_human_report_study_review
LINK-CTGOV-NCT04066764-PMID-26867832,REC-CTGOV-NCT04066764,NCT04066764,REC-PUBMED-26867832,26867832,BACKGROUND,needs_human_report_study_review
LINK-CTGOV-NCT04066764-PMID-27030066,REC-CTGOV-NCT04066764,NCT04066764,REC-PUBMED-27030066,27030066,BACKGROUND,needs_human_report_study_review
LINK-CTGOV-NCT04066764-PMID-28510665,REC-CTGOV-NCT04066764,NCT04066764,REC-PUBMED-28510665,28510665,BACKGROUND,needs_human_report_study_review
LINK-CTGOV-NCT04066764-PMID-34697109,REC-CTGOV-NCT04066764,NCT04066764,REC-PUBMED-34697109,34697109,DERIVED,needs_human_report_study_review
LINK-CTGOV-NCT04284839-PMID-36121587,REC-CTGOV-NCT04284839,NCT04284839,REC-PUBMED-36121587,36121587,DERIVED,needs_human_report_study_review
LINK-CTGOV-NCT04344717-PMID-24486858,REC-CTGOV-NCT04344717,NCT04344717,REC-PUBMED-24486858,24486858,BACKGROUND,needs_human_report_study_review
LINK-CTGOV-NCT04344717-PMID-28355459,REC-CTGOV-NCT04344717,NCT04344717,REC-PUBMED-28355459,28355459,BACKGROUND,needs_human_report_study_review
LINK-CTGOV-NCT04344717-PMID-30136101,REC-CTGOV-NCT04344717,NCT04344717,REC-PUBMED-30136101,30136101,BACKGROUND,needs_human_report_study_review
LINK-CTGOV-NCT04364516-PMID-33607060,REC-CTGOV-NCT04364516,NCT04364516,REC-PUBMED-33607060,33607060,DERIVED,needs_human_report_study_review
LINK-CTGOV-NCT04364516-PMID-35279417,REC-CTGOV-NCT04364516,NCT04364516,REC-PUBMED-35279417,35279417,DERIVED,needs_human_report_study_review
LINK-CTGOV-NCT04364516-PMID-36175253,REC-CTGOV-NCT04364516,NCT04364516,REC-PUBMED-36175253,36175253,DERIVED,needs_human_report_study_review
LINK-CTGOV-NCT04364516-PMID-38579940,REC-CTGOV-NCT04364516,NCT04364516,REC-PUBMED-38579940,38579940,DERIVED,needs_human_report_study_review
LINK-CTGOV-NCT04437303-PMID-39216096,REC-CTGOV-NCT04437303,NCT04437303,REC-PUBMED-39216096,39216096,DERIVED,needs_human_report_study_review
LINK-CTGOV-NCT04437303-PMID-41128170,REC-CTGOV-NCT04437303,NCT04437303,REC-PUBMED-41128170,41128170,DERIVED,needs_human_report_study_review
LINK-CTGOV-NCT04505475-PMID-38580558,REC-CTGOV-NCT04505475,NCT04505475,REC-PUBMED-38580558,38580558,DERIVED,needs_human_report_study_review
LINK-CTGOV-NCT04569279-PMID-12812581,REC-CTGOV-NCT04569279,NCT04569279,REC-PUBMED-12812581,12812581,BACKGROUND,needs_human_report_study_review
LINK-CTGOV-NCT04569279-PMID-13432835,REC-CTGOV-NCT04569279,NCT04569279,REC-PUBMED-13432835,13432835,BACKGROUND,needs_human_report_study_review
LINK-CTGOV-NCT04569279-PMID-14258950,REC-CTGOV-NCT04569279,NCT04569279,REC-PUBMED-14258950,14258950,BACKGROUND,needs_human_report_study_review
LINK-CTGOV-NCT04569279-PMID-14976332,REC-CTGOV-NCT04569279,NCT04569279,REC-PUBMED-14976332,14976332,BACKGROUND,needs_human_report_study_review
LINK-CTGOV-NCT04569279-PMID-15273432,REC-CTGOV-NCT04569279,NCT04569279,REC-PUBMED-15273432,15273432,BACKGROUND,needs_human_report_study_review
LINK-CTGOV-NCT04569279-PMID-15842354,REC-CTGOV-NCT04569279,NCT04569279,REC-PUBMED-15842354,15842354,BACKGROUND,needs_human_report_study_review
LINK-CTGOV-NCT04569279-PMID-16141966,REC-CTGOV-NCT04569279,NCT04569279,REC-PUBMED-16141966,16141966,BACKGROUND,needs_human_report_study_review
LINK-CTGOV-NCT04569279-PMID-1679154,REC-CTGOV-NCT04569279,NCT04569279,REC-PUBMED-1679154,1679154,BACKGROUND,needs_human_report_study_review
LINK-CTGOV-NCT04569279-PMID-19139080,REC-CTGOV-NCT04569279,NCT04569279,REC-PUBMED-19139080,19139080,BACKGROUND,needs_human_report_study_review
LINK-CTGOV-NCT04569279-PMID-20547928,REC-CTGOV-NCT04569279,NCT04569279,REC-PUBMED-20547928,20547928,BACKGROUND,needs_human_report_study_review
LINK-CTGOV-NCT04569279-PMID-21293023,REC-CTGOV-NCT04569279,NCT04569279,REC-PUBMED-21293023,21293023,BACKGROUND,needs_human_report_study_review
LINK-CTGOV-NCT04569279-PMID-21833941,REC-CTGOV-NCT04569279,NCT04569279,REC-PUBMED-21833941,21833941,BACKGROUND,needs_human_report_study_review
LINK-CTGOV-NCT04569279-PMID-22315269,REC-CTGOV-NCT04569279,NCT04569279,REC-PUBMED-22315269,22315269,BACKGROUND,needs_human_report_study_review
LINK-CTGOV-NCT04569279-PMID-23701516,REC-CTGOV-NCT04569279,NCT04569279,REC-PUBMED-23701516,23701516,BACKGROUND,needs_human_report_study_review
LINK-CTGOV-NCT04569279-PMID-24699485,REC-CTGOV-NCT04569279,NCT04569279,REC-PUBMED-24699485,24699485,BACKGROUND,needs_human_report_study_review
LINK-CTGOV-NCT04569279-PMID-25070963,REC-CTGOV-NCT04569279,NCT04569279,REC-PUBMED-25070963,25070963,BACKGROUND,needs_human_report_study_review
LINK-CTGOV-NCT04569279-PMID-40376280,REC-CTGOV-NCT04569279,NCT04569279,REC-PUBMED-40376280,40376280,DERIVED,needs_human_report_study_review
LINK-CTGOV-NCT04569279-PMID-7062066,REC-CTGOV-NCT04569279,NCT04569279,REC-PUBMED-7062066,7062066,BACKGROUND,needs_human_report_study_review
LINK-CTGOV-NCT04614090-PMID-29945596,REC-CTGOV-NCT04614090,NCT04614090,REC-PUBMED-29945596,29945596,RESULT,needs_human_report_study_review
LINK-CTGOV-NCT04730037-PMID-31200342,REC-CTGOV-NCT04730037,NCT04730037,REC-PUBMED-31200342,31200342,BACKGROUND,needs_human_report_study_review
LINK-CTGOV-NCT04730037-PMID-37070473,REC-CTGOV-NCT04730037,NCT04730037,REC-PUBMED-37070473,37070473,DERIVED,needs_human_report_study_review
LINK-CTGOV-NCT05229952-PMID-37312251,REC-CTGOV-NCT05229952,NCT05229952,REC-PUBMED-37312251,37312251,RESULT,needs_human_report_study_review
LINK-CTGOV-NCT05609500-PMID-15947090,REC-CTGOV-NCT05609500,NCT05609500,REC-PUBMED-15947090,15947090,BACKGROUND,needs_human_report_study_review
LINK-CTGOV-NCT05609500-PMID-17989110,REC-CTGOV-NCT05609500,NCT05609500,REC-PUBMED-17989110,17989110,BACKGROUND,needs_human_report_study_review
LINK-CTGOV-NCT05609500-PMID-18305455,REC-CTGOV-NCT05609500,NCT05609500,REC-PUBMED-18305455,18305455,BACKGROUND,needs_human_report_study_review
LINK-CTGOV-NCT05609500-PMID-19228618,REC-CTGOV-NCT05609500,NCT05609500,REC-PUBMED-19228618,19228618,BACKGROUND,needs_human_report_study_review
LINK-CTGOV-NCT05609500-PMID-20375999,REC-CTGOV-NCT05609500,NCT05609500,REC-PUBMED-20375999,20375999,BACKGROUND,needs_human_report_study_review
LINK-CTGOV-NCT05609500-PMID-26093875,REC-CTGOV-NCT05609500,NCT05609500,REC-PUBMED-26093875,26093875,BACKGROUND,needs_human_report_study_review
LINK-CTGOV-NCT05609500-PMID-28198005,REC-CTGOV-NCT05609500,NCT05609500,REC-PUBMED-28198005,28198005,BACKGROUND,needs_human_report_study_review
LINK-CTGOV-NCT05825573-PMID-32273033,REC-CTGOV-NCT05825573,NCT05825573,REC-PUBMED-32273033,32273033,BACKGROUND,needs_human_report_study_review
LINK-CTGOV-NCT06199102-PMID-10690569,REC-CTGOV-NCT06199102,NCT06199102,REC-PUBMED-10690569,10690569,BACKGROUND,needs_human_report_study_review
LINK-CTGOV-NCT06199102-PMID-15857558,REC-CTGOV-NCT06199102,NCT06199102,REC-PUBMED-15857558,15857558,BACKGROUND,needs_human_report_study_review
LINK-CTGOV-NCT06199102-PMID-16140692,REC-CTGOV-NCT06199102,NCT06199102,REC-PUBMED-16140692,16140692,BACKGROUND,needs_human_report_study_review
LINK-CTGOV-NCT06199102-PMID-17369280,REC-CTGOV-NCT06199102,NCT06199102,REC-PUBMED-17369280,17369280,BACKGROUND,needs_human_report_study_review
LINK-CTGOV-NCT06199102-PMID-17634462,REC-CTGOV-NCT06199102,NCT06199102,REC-PUBMED-17634462,17634462,BACKGROUND,needs_human_report_study_review
LINK-CTGOV-NCT06199102-PMID-18780664,REC-CTGOV-NCT06199102,NCT06199102,REC-PUBMED-18780664,18780664,BACKGROUND,needs_human_report_study_review
LINK-CTGOV-NCT06199102-PMID-19155428,REC-CTGOV-NCT06199102,NCT06199102,REC-PUBMED-19155428,19155428,BACKGROUND,needs_human_report_study_review
LINK-CTGOV-NCT06199102-PMID-19190532,REC-CTGOV-NCT06199102,NCT06199102,REC-PUBMED-19190532,19190532,BACKGROUND,needs_human_report_study_review
LINK-CTGOV-NCT06199102-PMID-21527855,REC-CTGOV-NCT06199102,NCT06199102,REC-PUBMED-21527855,21527855,BACKGROUND,needs_human_report_study_review
LINK-CTGOV-NCT06199102-PMID-21824193,REC-CTGOV-NCT06199102,NCT06199102,REC-PUBMED-21824193,21824193,BACKGROUND,needs_human_report_study_review
LINK-CTGOV-NCT06199102-PMID-21872800,REC-CTGOV-NCT06199102,NCT06199102,REC-PUBMED-21872800,21872800,BACKGROUND,needs_human_report_study_review
LINK-CTGOV-NCT06199102-PMID-23056824,REC-CTGOV-NCT06199102,NCT06199102,REC-PUBMED-23056824,23056824,BACKGROUND,needs_human_report_study_review
LINK-CTGOV-NCT06199102-PMID-23629620,REC-CTGOV-NCT06199102,NCT06199102,REC-PUBMED-23629620,23629620,BACKGROUND,needs_human_report_study_review
LINK-CTGOV-NCT06199102-PMID-24253368,REC-CTGOV-NCT06199102,NCT06199102,REC-PUBMED-24253368,24253368,BACKGROUND,needs_human_report_study_review
LINK-CTGOV-NCT06199102-PMID-25425653,REC-CTGOV-NCT06199102,NCT06199102,REC-PUBMED-25425653,25425653,BACKGROUND,needs_human_report_study_review
LINK-CTGOV-NCT06199102-PMID-25905252,REC-CTGOV-NCT06199102,NCT06199102,REC-PUBMED-25905252,25905252,BACKGROUND,needs_human_report_study_review
LINK-CTGOV-NCT06199102-PMID-27065162,REC-CTGOV-NCT06199102,NCT06199102,REC-PUBMED-27065162,27065162,BACKGROUND,needs_human_report_study_review
LINK-CTGOV-NCT06199102-PMID-28383493,REC-CTGOV-NCT06199102,NCT06199102,REC-PUBMED-28383493,28383493,BACKGROUND,needs_human_report_study_review
LINK-CTGOV-NCT06199102-PMID-29159088,REC-CTGOV-NCT06199102,NCT06199102,REC-PUBMED-29159088,29159088,BACKGROUND,needs_human_report_study_review
LINK-CTGOV-NCT06199102-PMID-33473300,REC-CTGOV-NCT06199102,NCT06199102,REC-PUBMED-33473300,33473300,BACKGROUND,needs_human_report_study_review
LINK-CTGOV-NCT06199102-PMID-34373793,REC-CTGOV-NCT06199102,NCT06199102,REC-PUBMED-34373793,34373793,BACKGROUND,needs_human_report_study_review
LINK-CTGOV-NCT06199102-PMID-34684442,REC-CTGOV-NCT06199102,NCT06199102,REC-PUBMED-34684442,34684442,BACKGROUND,needs_human_report_study_review
LINK-CTGOV-NCT06199102-PMID-35402358,REC-CTGOV-NCT06199102,NCT06199102,REC-PUBMED-35402358,35402358,BACKGROUND,needs_human_report_study_review
LINK-CTGOV-NCT06199102-PMID-36050673,REC-CTGOV-NCT06199102,NCT06199102,REC-PUBMED-36050673,36050673,BACKGROUND,needs_human_report_study_review
LINK-CTGOV-NCT06199102-PMID-36705703,REC-CTGOV-NCT06199102,NCT06199102,REC-PUBMED-36705703,36705703,BACKGROUND,needs_human_report_study_review
LINK-CTGOV-NCT06199102-PMID-36771403,REC-CTGOV-NCT06199102,NCT06199102,REC-PUBMED-36771403,36771403,BACKGROUND,needs_human_report_study_review
LINK-CTGOV-NCT06578754-PMID-16306102,REC-CTGOV-NCT06578754,NCT06578754,REC-PUBMED-16306102,16306102,BACKGROUND,needs_human_report_study_review
LINK-CTGOV-NCT06578754-PMID-32472220,REC-CTGOV-NCT06578754,NCT06578754,REC-PUBMED-32472220,32472220,BACKGROUND,needs_human_report_study_review
LINK-CTGOV-NCT06578754-PMID-32829751,REC-CTGOV-NCT06578754,NCT06578754,REC-PUBMED-32829751,32829751,BACKGROUND,needs_human_report_study_review
LINK-CTGOV-NCT06578754-PMID-33912770,REC-CTGOV-NCT06578754,NCT06578754,REC-PUBMED-33912770,33912770,BACKGROUND,needs_human_report_study_review
LINK-CTGOV-NCT06578754-PMID-34281958,REC-CTGOV-NCT06578754,NCT06578754,REC-PUBMED-34281958,34281958,BACKGROUND,needs_human_report_study_review
LINK-CTGOV-NCT06606275-PMID-25040558,REC-CTGOV-NCT06606275,NCT06606275,REC-PUBMED-25040558,25040558,RESULT,needs_human_report_study_review
LINK-CTGOV-NCT06606275-PMID-32538234,REC-CTGOV-NCT06606275,NCT06606275,REC-PUBMED-32538234,32538234,RESULT,needs_human_report_study_review
LINK-CTGOV-NCT06606275-PMID-33073581,REC-CTGOV-NCT06606275,NCT06606275,REC-PUBMED-33073581,33073581,RESULT,needs_human_report_study_review
LINK-CTGOV-NCT06606275-PMID-33709339,REC-CTGOV-NCT06606275,NCT06606275,REC-PUBMED-33709339,33709339,RESULT,needs_human_report_study_review
LINK-CTGOV-NCT06606275-PMID-34078109,REC-CTGOV-NCT06606275,NCT06606275,REC-PUBMED-34078109,34078109,RESULT,needs_human_report_study_review
LINK-CTGOV-NCT06823466-PMID-41758563,REC-CTGOV-NCT06823466,NCT06823466,REC-PUBMED-41758563,41758563,DERIVED,needs_human_report_study_review
LINK-CTGOV-NCT06823466-PMID-41974022,REC-CTGOV-NCT06823466,NCT06823466,REC-PUBMED-41974022,41974022,DERIVED,needs_human_report_study_review
LINK-CTGOV-NCT07185295-PMID-41916623,REC-CTGOV-NCT07185295,NCT07185295,REC-PUBMED-41916623,41916623,DERIVED,needs_human_report_study_review
LINK-CTGOV-NCT07330869-PMID-10647757,REC-CTGOV-NCT07330869,NCT07330869,REC-PUBMED-10647757,10647757,RESULT,needs_human_report_study_review
LINK-CTGOV-NCT07330869-PMID-16844298,REC-CTGOV-NCT07330869,NCT07330869,REC-PUBMED-16844298,16844298,RESULT,needs_human_report_study_review
LINK-CTGOV-NCT07330869-PMID-22793260,REC-CTGOV-NCT07330869,NCT07330869,REC-PUBMED-22793260,22793260,RESULT,needs_human_report_study_review
LINK-CTGOV-NCT07330869-PMID-26913230,REC-CTGOV-NCT07330869,NCT07330869,REC-PUBMED-26913230,26913230,RESULT,needs_human_report_study_review
LINK-CTGOV-NCT07330869-PMID-30165544,REC-CTGOV-NCT07330869,NCT07330869,REC-PUBMED-30165544,30165544,RESULT,needs_human_report_study_review
LINK-CTGOV-NCT07330869-PMID-30929729,REC-CTGOV-NCT07330869,NCT07330869,REC-PUBMED-30929729,30929729,RESULT,needs_human_report_study_review
LINK-CTGOV-NCT07330869-PMID-30981116,REC-CTGOV-NCT07330869,NCT07330869,REC-PUBMED-30981116,30981116,RESULT,needs_human_report_study_review
LINK-CTGOV-NCT07330869-PMID-31576592,REC-CTGOV-NCT07330869,NCT07330869,REC-PUBMED-31576592,31576592,RESULT,needs_human_report_study_review
LINK-CTGOV-NCT07330869-PMID-33526452,REC-CTGOV-NCT07330869,NCT07330869,REC-PUBMED-33526452,33526452,RESULT,needs_human_report_study_review
LINK-CTGOV-NCT07330869-PMID-6985765,REC-CTGOV-NCT07330869,NCT07330869,REC-PUBMED-6985765,6985765,RESULT,needs_human_report_study_review
LINK-CTGOV-NCT07408076-PMID-10608521,REC-CTGOV-NCT07408076,NCT07408076,REC-PUBMED-10608521,10608521,BACKGROUND,needs_human_report_study_review
LINK-CTGOV-NCT07408076-PMID-22498635,REC-CTGOV-NCT07408076,NCT07408076,REC-PUBMED-22498635,22498635,BACKGROUND,needs_human_report_study_review
LINK-CTGOV-NCT07408076-PMID-23602798,REC-CTGOV-NCT07408076,NCT07408076,REC-PUBMED-23602798,23602798,BACKGROUND,needs_human_report_study_review
LINK-CTGOV-NCT07408076-PMID-24857648,REC-CTGOV-NCT07408076,NCT07408076,REC-PUBMED-24857648,24857648,BACKGROUND,needs_human_report_study_review
LINK-CTGOV-NCT07408076-PMID-2688503,REC-CTGOV-NCT07408076,NCT07408076,REC-PUBMED-2688503,2688503,BACKGROUND,needs_human_report_study_review
LINK-CTGOV-NCT07408076-PMID-27041472,REC-CTGOV-NCT07408076,NCT07408076,REC-PUBMED-27041472,27041472,BACKGROUND,needs_human_report_study_review
LINK-CTGOV-NCT07408076-PMID-36261757,REC-CTGOV-NCT07408076,NCT07408076,REC-PUBMED-36261757,36261757,BACKGROUND,needs_human_report_study_review
LINK-CTGOV-NCT07408076-PMID-8230497,REC-CTGOV-NCT07408076,NCT07408076,REC-PUBMED-8230497,8230497,BACKGROUND,needs_human_report_study_review
LINK-CTGOV-NCT07408076-PMID-9366314,REC-CTGOV-NCT07408076,NCT07408076,REC-PUBMED-9366314,9366314,BACKGROUND,needs_human_report_study_review
LINK-CTGOV-NCT07571460-PMID-36858157,REC-CTGOV-NCT07571460,NCT07571460,REC-PUBMED-36858157,36858157,BACKGROUND,needs_human_report_study_review
LINK-CTGOV-NCT07571460-PMID-39708000,REC-CTGOV-NCT07571460,NCT07571460,REC-PUBMED-39708000,39708000,BACKGROUND,needs_human_report_study_review
