legacy_rule_id,ingredient_id,rule_name_ko,legacy_review_status,quarantine_status,protocol_question_candidate,candidate_scope,currently_exposed_by_study_filter,thesis_mode_eligible,source_ref_count,evidence_ref_count,missing_source_ref_count,missing_evidence_ref_count,missing_locator_count,non_full_text_support_count,evidence_verification_statuses,issue_codes
RULE-VITA-UL-US-ADULT,vitamin_a_preformed,프리폼드 비타민 A 성인 UL(미국),starter_validated,legacy_unverified,none,future_scope,false,false,1,1,0,0,0,1,verified_against_source,LEGACY_REVIEW_STATUS_UNTRUSTED;NON_FULL_TEXT_OR_WEAK_EXTRACTION_SUPPORT;NO_VALIDATED_CLAIM_LINK
RULE-VITA-PREGNANCY-HIGHDOSE,vitamin_a_preformed,임신/임신가능 여성의 고용량 비타민 A 회피,starter_validated,legacy_unverified,none,future_scope,false,false,4,5,0,0,0,5,verified_against_source,LEGACY_REVIEW_STATUS_UNTRUSTED;NON_FULL_TEXT_OR_WEAK_EXTRACTION_SUPPORT;NO_VALIDATED_CLAIM_LINK
RULE-BETACAROTENE-SMOKERS-AVOID,beta_carotene,흡연자/과거흡연자의 고용량 베타카로틴 회피,starter_validated,legacy_unverified,none,future_scope,false,false,2,2,0,0,0,2,verified_against_source,LEGACY_REVIEW_STATUS_UNTRUSTED;NON_FULL_TEXT_OR_WEAK_EXTRACTION_SUPPORT;NO_VALIDATED_CLAIM_LINK
RULE-VITD-UL-US-ADULT,vitamin_d,비타민 D 성인 UL(미국),starter_validated,legacy_unverified,none,exploratory_demo,true,false,1,1,0,0,0,1,verified_against_source,CURRENT_UI_OUT_OF_PROTOCOL_SCOPE;LEGACY_REVIEW_STATUS_UNTRUSTED;NON_FULL_TEXT_OR_WEAK_EXTRACTION_SUPPORT;NO_VALIDATED_CLAIM_LINK
RULE-VITD-THIAZIDE-HYPERCALCEMIA,vitamin_d,비타민 D + thiazide 이뇨제,starter_validated,legacy_unverified,B2_candidate,validated_thesis_scope_candidate_only,true,false,1,1,0,0,0,1,verified_against_source,CANDIDATE_REQUIRES_FULL_REVALIDATION;LEGACY_REVIEW_STATUS_UNTRUSTED;NON_FULL_TEXT_OR_WEAK_EXTRACTION_SUPPORT;NO_VALIDATED_CLAIM_LINK
RULE-VITD-ORLISTAT-ABSORPTION,vitamin_d,비타민 D + orlistat 흡수저하,starter_validated,legacy_unverified,none,exploratory_demo,true,false,1,1,0,0,0,1,verified_against_source,CURRENT_UI_OUT_OF_PROTOCOL_SCOPE;LEGACY_REVIEW_STATUS_UNTRUSTED;NON_FULL_TEXT_OR_WEAK_EXTRACTION_SUPPORT;NO_VALIDATED_CLAIM_LINK
RULE-CALCIUM-UL-US-19-50,calcium,칼슘 UL 19–50세(미국),starter_validated,legacy_unverified,none,exploratory_demo,true,false,1,1,0,0,0,1,verified_against_source,CURRENT_UI_OUT_OF_PROTOCOL_SCOPE;LEGACY_REVIEW_STATUS_UNTRUSTED;NON_FULL_TEXT_OR_WEAK_EXTRACTION_SUPPORT;NO_VALIDATED_CLAIM_LINK
RULE-CALCIUM-UL-US-51PLUS,calcium,칼슘 UL 51세 이상(미국),starter_validated,legacy_unverified,none,exploratory_demo,true,false,1,1,0,0,0,1,verified_against_source,CURRENT_UI_OUT_OF_PROTOCOL_SCOPE;LEGACY_REVIEW_STATUS_UNTRUSTED;NON_FULL_TEXT_OR_WEAK_EXTRACTION_SUPPORT;NO_VALIDATED_CLAIM_LINK
RULE-CALCIUM-LEVOTHYROXINE-4H,calcium,칼슘 + 레보티록신 분리복용,starter_validated,legacy_unverified,none,exploratory_demo,true,false,2,2,0,0,0,2,verified_against_source,CURRENT_UI_OUT_OF_PROTOCOL_SCOPE;LEGACY_REVIEW_STATUS_UNTRUSTED;NON_FULL_TEXT_OR_WEAK_EXTRACTION_SUPPORT;NO_VALIDATED_CLAIM_LINK
RULE-CALCIUM-QUINOLONE-SPLIT,calcium,칼슘 + 퀴놀론 항생제 분리복용,starter_validated,legacy_unverified,none,exploratory_demo,true,false,2,2,0,0,0,2,verified_against_source,CURRENT_UI_OUT_OF_PROTOCOL_SCOPE;LEGACY_REVIEW_STATUS_UNTRUSTED;NON_FULL_TEXT_OR_WEAK_EXTRACTION_SUPPORT;NO_VALIDATED_CLAIM_LINK
RULE-MAG-UL-US-ADULT,magnesium_supplement,마그네슘(보충제) 성인 UL(미국),starter_validated,legacy_unverified,none,future_scope,false,false,3,3,0,0,0,3,verified_against_source,LEGACY_REVIEW_STATUS_UNTRUSTED;NON_FULL_TEXT_OR_WEAK_EXTRACTION_SUPPORT;NO_VALIDATED_CLAIM_LINK
RULE-MAG-UL-EU-ADULT,magnesium_supplement,마그네슘(보충제) 성인 UL(EU),starter_validated,legacy_unverified,none,future_scope,false,false,3,3,0,0,0,2,verified_against_source,LEGACY_REVIEW_STATUS_UNTRUSTED;NON_FULL_TEXT_OR_WEAK_EXTRACTION_SUPPORT;NO_VALIDATED_CLAIM_LINK
RULE-MAG-ABX-SPLIT,magnesium_supplement,마그네슘 + tetracycline/quinolone 항생제 분리복용,starter_validated,legacy_unverified,none,future_scope,false,false,1,1,0,0,0,1,verified_against_source,LEGACY_REVIEW_STATUS_UNTRUSTED;NON_FULL_TEXT_OR_WEAK_EXTRACTION_SUPPORT;NO_VALIDATED_CLAIM_LINK
RULE-MAG-BISPHOSPHONATE-SPLIT,magnesium_supplement,마그네슘 + 경구 비스포스포네이트 분리복용,starter_validated,legacy_unverified,none,future_scope,false,false,1,1,0,0,0,1,verified_against_source,LEGACY_REVIEW_STATUS_UNTRUSTED;NON_FULL_TEXT_OR_WEAK_EXTRACTION_SUPPORT;NO_VALIDATED_CLAIM_LINK
RULE-IRON-UL-US-ADULT,iron,철 성인 UL(미국),starter_validated,legacy_unverified,none,future_scope,false,false,3,3,0,0,0,3,verified_against_source,LEGACY_REVIEW_STATUS_UNTRUSTED;NON_FULL_TEXT_OR_WEAK_EXTRACTION_SUPPORT;NO_VALIDATED_CLAIM_LINK
RULE-IRON-SAFELEVEL-EU-ADULT,iron,철 safe level(EU),starter_validated,legacy_unverified,none,future_scope,false,false,1,1,0,0,0,0,verified_against_source,LEGACY_REVIEW_STATUS_UNTRUSTED;NO_VALIDATED_CLAIM_LINK
RULE-IRON-LEVOTHYROXINE-SPLIT,iron,철 + 레보티록신 분리복용,starter_validated,legacy_unverified,none,future_scope,false,false,1,1,0,0,0,1,verified_against_source,LEGACY_REVIEW_STATUS_UNTRUSTED;NON_FULL_TEXT_OR_WEAK_EXTRACTION_SUPPORT;NO_VALIDATED_CLAIM_LINK
RULE-IRON-LEVODOPA-INTERACTION,iron,철 + levodopa 상호작용,starter_validated,legacy_unverified,none,future_scope,false,false,1,1,0,0,0,1,verified_against_source,LEGACY_REVIEW_STATUS_UNTRUSTED;NON_FULL_TEXT_OR_WEAK_EXTRACTION_SUPPORT;NO_VALIDATED_CLAIM_LINK
RULE-IRON-PPI-ABSORPTION,iron,철 + PPI 흡수저하,starter_validated,legacy_unverified,none,future_scope,false,false,1,1,0,0,0,1,verified_against_source,LEGACY_REVIEW_STATUS_UNTRUSTED;NON_FULL_TEXT_OR_WEAK_EXTRACTION_SUPPORT;NO_VALIDATED_CLAIM_LINK
RULE-IRON-CALCIUM-SPLIT,iron,철 + 칼슘 분리복용,starter_validated,legacy_unverified,none,future_scope,false,false,1,1,0,0,0,1,verified_against_source,LEGACY_REVIEW_STATUS_UNTRUSTED;NON_FULL_TEXT_OR_WEAK_EXTRACTION_SUPPORT;NO_VALIDATED_CLAIM_LINK
RULE-FOLATE-UL-US-ADULT,folic_acid,엽산 UL(미국),starter_validated,legacy_unverified,none,future_scope,false,false,1,1,0,0,0,1,verified_against_source,LEGACY_REVIEW_STATUS_UNTRUSTED;NON_FULL_TEXT_OR_WEAK_EXTRACTION_SUPPORT;NO_VALIDATED_CLAIM_LINK
RULE-FOLATE-UL-EU-ADULT,folic_acid,엽산 UL(EU),starter_validated,legacy_unverified,none,future_scope,false,false,1,1,0,0,0,0,verified_against_source,LEGACY_REVIEW_STATUS_UNTRUSTED;NO_VALIDATED_CLAIM_LINK
RULE-FOLATE-B12-MASKING,folic_acid,고용량 엽산과 B12 결핍 masking 위험,starter_validated,legacy_unverified,none,future_scope,false,false,4,4,0,0,0,4,verified_against_source,LEGACY_REVIEW_STATUS_UNTRUSTED;NON_FULL_TEXT_OR_WEAK_EXTRACTION_SUPPORT;NO_VALIDATED_CLAIM_LINK
RULE-VITK-WARFARIN-CONSISTENCY,vitamin_k,비타민 K + warfarin 일관성 유지,starter_validated,legacy_unverified,A1_candidate,validated_thesis_scope_candidate_only,true,false,1,1,0,0,0,1,verified_against_source,CANDIDATE_REQUIRES_FULL_REVALIDATION;LEGACY_REVIEW_STATUS_UNTRUSTED;NON_FULL_TEXT_OR_WEAK_EXTRACTION_SUPPORT;NO_VALIDATED_CLAIM_LINK
RULE-VITK-ORLISTAT-MONITOR,vitamin_k,비타민 K + orlistat,starter_validated,legacy_unverified,A1_candidate,validated_thesis_scope_candidate_only,true,false,1,1,0,0,0,1,verified_against_source,CANDIDATE_REQUIRES_FULL_REVALIDATION;LEGACY_REVIEW_STATUS_UNTRUSTED;NON_FULL_TEXT_OR_WEAK_EXTRACTION_SUPPORT;NO_VALIDATED_CLAIM_LINK
RULE-OMEGA3-SAFE-UPTO5,omega3_epa_dha,오메가3 실무상 상한 참고치,starter_validated,legacy_unverified,none,exploratory_demo,true,false,1,1,0,0,0,1,verified_against_source,CURRENT_UI_OUT_OF_PROTOCOL_SCOPE;LEGACY_REVIEW_STATUS_UNTRUSTED;NON_FULL_TEXT_OR_WEAK_EXTRACTION_SUPPORT;NO_VALIDATED_CLAIM_LINK
RULE-OMEGA3-WARFARIN-MONITOR,omega3_epa_dha,오메가3 + warfarin/항응고제,starter_validated,legacy_unverified,A2_candidate,validated_thesis_scope_candidate_only,true,false,2,3,0,0,0,3,verified_against_source,CANDIDATE_REQUIRES_FULL_REVALIDATION;LEGACY_REVIEW_STATUS_UNTRUSTED;NON_FULL_TEXT_OR_WEAK_EXTRACTION_SUPPORT;NO_VALIDATED_CLAIM_LINK
RULE-OMEGA3-AF-HIGHRISK,omega3_epa_dha,고위험 심혈관 환자의 오메가3 4 g/day AF 주의,starter_validated,legacy_unverified,none,exploratory_demo,true,false,5,5,0,0,0,5,verified_against_source,CURRENT_UI_OUT_OF_PROTOCOL_SCOPE;LEGACY_REVIEW_STATUS_UNTRUSTED;NON_FULL_TEXT_OR_WEAK_EXTRACTION_SUPPORT;NO_VALIDATED_CLAIM_LINK
RULE-ZINC-UL-US-ADULT,zinc,아연 성인 UL(미국),starter_validated,legacy_unverified,none,future_scope,false,false,1,1,0,0,0,1,verified_against_source,LEGACY_REVIEW_STATUS_UNTRUSTED;NON_FULL_TEXT_OR_WEAK_EXTRACTION_SUPPORT;NO_VALIDATED_CLAIM_LINK
RULE-ZINC-ABX-SPLIT,zinc,아연 + 항생제 분리복용,starter_validated,legacy_unverified,none,future_scope,false,false,1,1,0,0,0,1,verified_against_source,LEGACY_REVIEW_STATUS_UNTRUSTED;NON_FULL_TEXT_OR_WEAK_EXTRACTION_SUPPORT;NO_VALIDATED_CLAIM_LINK
RULE-ZINC-LONGTERM-COPPER,zinc,장기 고용량 아연의 구리결핍 모니터링,starter_validated,legacy_unverified,none,future_scope,false,false,6,8,0,0,0,8,verified_against_source,LEGACY_REVIEW_STATUS_UNTRUSTED;NON_FULL_TEXT_OR_WEAK_EXTRACTION_SUPPORT;NO_VALIDATED_CLAIM_LINK
RULE-SELENIUM-UL-US-ADULT,selenium,셀레늄 성인 UL(미국),starter_validated,legacy_unverified,none,future_scope,false,false,1,1,0,0,0,1,verified_against_source,LEGACY_REVIEW_STATUS_UNTRUSTED;NON_FULL_TEXT_OR_WEAK_EXTRACTION_SUPPORT;NO_VALIDATED_CLAIM_LINK
RULE-SELENIUM-UL-EU-ADULT,selenium,셀레늄 성인 UL(EU),starter_validated,legacy_unverified,none,future_scope,false,false,1,1,0,0,0,0,verified_against_source,LEGACY_REVIEW_STATUS_UNTRUSTED;NO_VALIDATED_CLAIM_LINK
RULE-SELENIUM-SELENOSIS-SYMPTOMS,selenium,셀레늄 과다 섭취 증상 플래그,starter_validated,legacy_unverified,none,future_scope,false,false,1,1,0,0,0,1,verified_against_source,LEGACY_REVIEW_STATUS_UNTRUSTED;NON_FULL_TEXT_OR_WEAK_EXTRACTION_SUPPORT;NO_VALIDATED_CLAIM_LINK
RULE-IODINE-UL-US-ADULT,iodine,요오드 성인 UL(미국),starter_validated,legacy_unverified,none,future_scope,false,false,1,1,0,0,0,1,verified_against_source,LEGACY_REVIEW_STATUS_UNTRUSTED;NON_FULL_TEXT_OR_WEAK_EXTRACTION_SUPPORT;NO_VALIDATED_CLAIM_LINK
RULE-IODINE-AUTOIMMUNE-THYROID,iodine,자가면역 갑상선질환/요오드 결핍에서 요오드 주의,starter_validated,legacy_unverified,none,future_scope,false,false,1,1,0,0,0,1,verified_against_source,LEGACY_REVIEW_STATUS_UNTRUSTED;NON_FULL_TEXT_OR_WEAK_EXTRACTION_SUPPORT;NO_VALIDATED_CLAIM_LINK
RULE-IODINE-ANTITHYROID,iodine,요오드 + 항갑상선제,starter_validated,legacy_unverified,none,future_scope,false,false,1,1,0,0,0,1,verified_against_source,LEGACY_REVIEW_STATUS_UNTRUSTED;NON_FULL_TEXT_OR_WEAK_EXTRACTION_SUPPORT;NO_VALIDATED_CLAIM_LINK
RULE-IODINE-POTASSIUM-IODIDE-HYPERKALEMIA,iodine,potassium iodide + ACE inhibitor/칼륨보존성 이뇨제,starter_validated,legacy_unverified,none,future_scope,false,false,1,1,0,0,0,1,verified_against_source,LEGACY_REVIEW_STATUS_UNTRUSTED;NON_FULL_TEXT_OR_WEAK_EXTRACTION_SUPPORT;NO_VALIDATED_CLAIM_LINK
RULE-NIACIN-UL-US-ADULT,niacin,니아신 UL(미국),starter_validated,legacy_unverified,none,future_scope,false,false,1,1,0,0,0,1,verified_against_source,LEGACY_REVIEW_STATUS_UNTRUSTED;NON_FULL_TEXT_OR_WEAK_EXTRACTION_SUPPORT;NO_VALIDATED_CLAIM_LINK
RULE-NIACIN-HIGHDOSE-MONITOR,niacin,고용량 니아신 이상반응 모니터링,starter_validated,legacy_unverified,none,future_scope,false,false,2,2,0,0,0,2,verified_against_source,LEGACY_REVIEW_STATUS_UNTRUSTED;NON_FULL_TEXT_OR_WEAK_EXTRACTION_SUPPORT;NO_VALIDATED_CLAIM_LINK
RULE-NIACIN-DIABETES-MEDS,niacin,니아신 + 항당뇨약,starter_validated,legacy_unverified,none,future_scope,false,false,1,2,0,0,0,2,verified_against_source,LEGACY_REVIEW_STATUS_UNTRUSTED;NON_FULL_TEXT_OR_WEAK_EXTRACTION_SUPPORT;NO_VALIDATED_CLAIM_LINK
RULE-B6-UL-US-ADULT,vitamin_b6,비타민 B6 UL(미국),starter_validated,legacy_unverified,none,future_scope,false,false,1,1,0,0,0,1,verified_against_source,LEGACY_REVIEW_STATUS_UNTRUSTED;NON_FULL_TEXT_OR_WEAK_EXTRACTION_SUPPORT;NO_VALIDATED_CLAIM_LINK
RULE-B6-UL-EU-ADULT,vitamin_b6,비타민 B6 UL(EU),starter_validated,legacy_unverified,none,future_scope,false,false,1,1,0,0,0,1,verified_against_source,LEGACY_REVIEW_STATUS_UNTRUSTED;NON_FULL_TEXT_OR_WEAK_EXTRACTION_SUPPORT;NO_VALIDATED_CLAIM_LINK
RULE-B6-NEUROPATHY,vitamin_b6,고용량 비타민 B6 감각신경병증 주의,starter_validated,legacy_unverified,none,future_scope,false,false,3,5,0,0,0,5,verified_against_source,LEGACY_REVIEW_STATUS_UNTRUSTED;NON_FULL_TEXT_OR_WEAK_EXTRACTION_SUPPORT;NO_VALIDATED_CLAIM_LINK
RULE-SJW-MAJOR-DRUG-INTERACTIONS,st_johns_wort,세인트존스워트 주요 약물상호작용,starter_validated,legacy_unverified,none,future_scope,false,false,2,2,0,0,0,2,verified_against_source,LEGACY_REVIEW_STATUS_UNTRUSTED;NON_FULL_TEXT_OR_WEAK_EXTRACTION_SUPPORT;NO_VALIDATED_CLAIM_LINK
RULE-SJW-SEROTONIN-RISK,st_johns_wort,세인트존스워트 + serotonergic drug,starter_validated,legacy_unverified,none,future_scope,false,false,1,1,0,0,0,1,verified_against_source,LEGACY_REVIEW_STATUS_UNTRUSTED;NON_FULL_TEXT_OR_WEAK_EXTRACTION_SUPPORT;NO_VALIDATED_CLAIM_LINK
RULE-SJW-PREGNANCY,st_johns_wort,세인트존스워트 임신/수유 회피,starter_validated,legacy_unverified,none,future_scope,false,false,1,1,0,0,0,1,verified_against_source,LEGACY_REVIEW_STATUS_UNTRUSTED;NON_FULL_TEXT_OR_WEAK_EXTRACTION_SUPPORT;NO_VALIDATED_CLAIM_LINK
RULE-RYR-STATIN-LIKE-INTERACTIONS,red_yeast_rice,홍국의 statin-like 위험,starter_validated,legacy_unverified,none,future_scope,false,false,1,2,0,0,0,2,verified_against_source,LEGACY_REVIEW_STATUS_UNTRUSTED;NON_FULL_TEXT_OR_WEAK_EXTRACTION_SUPPORT;NO_VALIDATED_CLAIM_LINK
RULE-RYR-PREGNANCY,red_yeast_rice,홍국 임신/수유 회피,starter_validated,legacy_unverified,none,future_scope,false,false,1,1,0,0,0,1,verified_against_source,LEGACY_REVIEW_STATUS_UNTRUSTED;NON_FULL_TEXT_OR_WEAK_EXTRACTION_SUPPORT;NO_VALIDATED_CLAIM_LINK
RULE-RYR-QUALITY-UNCERTAIN,red_yeast_rice,홍국 제품 품질/함량 불확실성,starter_validated,legacy_unverified,none,future_scope,false,false,1,2,0,0,0,2,verified_against_source,LEGACY_REVIEW_STATUS_UNTRUSTED;NON_FULL_TEXT_OR_WEAK_EXTRACTION_SUPPORT;NO_VALIDATED_CLAIM_LINK
RULE-GTE-LIVER-CAUTION,green_tea_extract,녹차추출물 간손상 주의,starter_validated,legacy_unverified,none,future_scope,false,false,1,1,0,0,0,1,verified_against_source,LEGACY_REVIEW_STATUS_UNTRUSTED;NON_FULL_TEXT_OR_WEAK_EXTRACTION_SUPPORT;NO_VALIDATED_CLAIM_LINK
RULE-GTE-DRUG-INTERACTIONS,green_tea_extract,녹차추출물 + 약물상호작용,starter_validated,legacy_unverified,none,future_scope,false,false,1,1,0,0,0,1,verified_against_source,LEGACY_REVIEW_STATUS_UNTRUSTED;NON_FULL_TEXT_OR_WEAK_EXTRACTION_SUPPORT;NO_VALIDATED_CLAIM_LINK
RULE-GTE-PREGNANCY-CAFFEINE,green_tea_extract,녹차추출물 임신 카페인 주의,starter_validated,legacy_unverified,none,future_scope,false,false,1,1,0,0,0,1,verified_against_source,LEGACY_REVIEW_STATUS_UNTRUSTED;NON_FULL_TEXT_OR_WEAK_EXTRACTION_SUPPORT;NO_VALIDATED_CLAIM_LINK
RULE-MELATONIN-PREG-LACTATION,melatonin,멜라토닌 임신/수유 주의,starter_validated,legacy_unverified,none,future_scope,false,false,1,1,0,0,0,1,verified_against_source,LEGACY_REVIEW_STATUS_UNTRUSTED;NON_FULL_TEXT_OR_WEAK_EXTRACTION_SUPPORT;NO_VALIDATED_CLAIM_LINK
RULE-MELATONIN-OLDER-ADULT,melatonin,고령자 멜라토닌 낮 졸림 주의,starter_validated,legacy_unverified,none,future_scope,false,false,1,1,0,0,0,1,verified_against_source,LEGACY_REVIEW_STATUS_UNTRUSTED;NON_FULL_TEXT_OR_WEAK_EXTRACTION_SUPPORT;NO_VALIDATED_CLAIM_LINK
RULE-MELATONIN-QUALITY-VARIABILITY,melatonin,멜라토닌 제품 함량 편차/serotonin 혼입,starter_validated,legacy_unverified,none,future_scope,false,false,2,2,0,0,0,2,verified_against_source,LEGACY_REVIEW_STATUS_UNTRUSTED;NON_FULL_TEXT_OR_WEAK_EXTRACTION_SUPPORT;NO_VALIDATED_CLAIM_LINK
RULE-PROBIOTICS-PRETERM-INFANTS,probiotics,미숙아/입원 중 preterm infant의 프로바이오틱스 회피,starter_validated,legacy_unverified,none,future_scope,false,false,2,3,0,0,0,3,verified_against_source,LEGACY_REVIEW_STATUS_UNTRUSTED;NON_FULL_TEXT_OR_WEAK_EXTRACTION_SUPPORT;NO_VALIDATED_CLAIM_LINK
RULE-PROBIOTICS-IMMUNOCOMPROMISED-REVIEW,probiotics,면역저하/중심정맥관 등 고위험군 프로바이오틱스 수동검토,starter_validated,legacy_unverified,none,future_scope,false,false,5,5,0,0,0,5,verified_against_source,LEGACY_REVIEW_STATUS_UNTRUSTED;NON_FULL_TEXT_OR_WEAK_EXTRACTION_SUPPORT;NO_VALIDATED_CLAIM_LINK
RULE-ASHWA-LIVER-DISEASE-AVOID,ashwagandha,아슈와간다 + 기저 간질환 회피,starter_validated,legacy_unverified,none,future_scope,false,false,1,2,0,0,0,1,verified_against_source,LEGACY_REVIEW_STATUS_UNTRUSTED;NON_FULL_TEXT_OR_WEAK_EXTRACTION_SUPPORT;NO_VALIDATED_CLAIM_LINK
RULE-ASHWA-LIVER-SYMPTOMS,ashwagandha,아슈와간다 간손상 증상 모니터링,starter_validated,legacy_unverified,none,future_scope,false,false,1,1,0,0,0,1,verified_against_source,LEGACY_REVIEW_STATUS_UNTRUSTED;NON_FULL_TEXT_OR_WEAK_EXTRACTION_SUPPORT;NO_VALIDATED_CLAIM_LINK
RULE-GINSENG-PREG-CHILDREN,asian_ginseng,아시아 인삼 임신/수유/소아 주의,starter_validated,legacy_unverified,none,future_scope,false,false,1,1,0,0,0,1,verified_against_source,LEGACY_REVIEW_STATUS_UNTRUSTED;NON_FULL_TEXT_OR_WEAK_EXTRACTION_SUPPORT;NO_VALIDATED_CLAIM_LINK
RULE-GINSENG-DIABETES-MONITOR,asian_ginseng,아시아 인삼 + 당뇨/혈당강하제,starter_validated,legacy_unverified,none,future_scope,false,false,1,1,0,0,0,1,verified_against_source,LEGACY_REVIEW_STATUS_UNTRUSTED;NON_FULL_TEXT_OR_WEAK_EXTRACTION_SUPPORT;NO_VALIDATED_CLAIM_LINK
RULE-GLUCOSAMINE-WARFARIN,glucosamine_chondroitin,글루코사민/콘드로이틴 + warfarin,starter_validated,legacy_unverified,none,exploratory_demo,true,false,4,4,0,0,0,4,verified_against_source,CURRENT_UI_OUT_OF_PROTOCOL_SCOPE;LEGACY_REVIEW_STATUS_UNTRUSTED;NON_FULL_TEXT_OR_WEAK_EXTRACTION_SUPPORT;NO_VALIDATED_CLAIM_LINK
RULE-GLUCOSAMINE-DIABETES-MONITOR,glucosamine_chondroitin,글루코사민 + 당뇨 혈당 모니터링,starter_validated,legacy_unverified,none,exploratory_demo,true,false,1,1,0,0,0,1,verified_against_source,CURRENT_UI_OUT_OF_PROTOCOL_SCOPE;LEGACY_REVIEW_STATUS_UNTRUSTED;NON_FULL_TEXT_OR_WEAK_EXTRACTION_SUPPORT;NO_VALIDATED_CLAIM_LINK
RULE-GLUCOSAMINE-PREGNANCY,glucosamine_chondroitin,글루코사민/콘드로이틴 임신/수유 주의,starter_validated,legacy_unverified,none,exploratory_demo,true,false,1,1,0,0,0,1,verified_against_source,CURRENT_UI_OUT_OF_PROTOCOL_SCOPE;LEGACY_REVIEW_STATUS_UNTRUSTED;NON_FULL_TEXT_OR_WEAK_EXTRACTION_SUPPORT;NO_VALIDATED_CLAIM_LINK
RULE-COQ10-WARFARIN,coenzyme_q10,CoQ10 + warfarin,starter_validated,legacy_unverified,none,exploratory_demo,true,false,5,5,0,0,0,5,verified_against_source,CURRENT_UI_OUT_OF_PROTOCOL_SCOPE;LEGACY_REVIEW_STATUS_UNTRUSTED;NON_FULL_TEXT_OR_WEAK_EXTRACTION_SUPPORT;NO_VALIDATED_CLAIM_LINK
RULE-COQ10-INSULIN,coenzyme_q10,CoQ10 + insulin,starter_validated,legacy_unverified,none,exploratory_demo,true,false,1,1,0,0,0,1,verified_against_source,CURRENT_UI_OUT_OF_PROTOCOL_SCOPE;LEGACY_REVIEW_STATUS_UNTRUSTED;NON_FULL_TEXT_OR_WEAK_EXTRACTION_SUPPORT;NO_VALIDATED_CLAIM_LINK
RULE-VITC-UL-US-ADULT,vitamin_c,비타민 C 성인 UL(미국),starter_validated,legacy_unverified,none,exploratory_demo,true,false,1,1,0,0,0,1,verified_against_source,CURRENT_UI_OUT_OF_PROTOCOL_SCOPE;LEGACY_REVIEW_STATUS_UNTRUSTED;NON_FULL_TEXT_OR_WEAK_EXTRACTION_SUPPORT;NO_VALIDATED_CLAIM_LINK
RULE-VITC-STONE-HISTORY,vitamin_c,비타민 C와 신장결석/신장질환 고위험군,starter_validated,legacy_unverified,B3_candidate,validated_thesis_scope_candidate_only,true,false,5,5,0,0,0,5,verified_against_source,CANDIDATE_REQUIRES_FULL_REVALIDATION;LEGACY_REVIEW_STATUS_UNTRUSTED;NON_FULL_TEXT_OR_WEAK_EXTRACTION_SUPPORT;NO_VALIDATED_CLAIM_LINK
RULE-VITC-HEMOCHROMATOSIS,vitamin_c,비타민 C와 혈색소침착증/철과다,starter_validated,legacy_unverified,none,exploratory_demo,true,false,1,1,0,0,0,1,verified_against_source,CURRENT_UI_OUT_OF_PROTOCOL_SCOPE;LEGACY_REVIEW_STATUS_UNTRUSTED;NON_FULL_TEXT_OR_WEAK_EXTRACTION_SUPPORT;NO_VALIDATED_CLAIM_LINK
RULE-VITC-CHEMO-RADIATION-REVIEW,vitamin_c,비타민 C와 항암/방사선 치료 동시사용 검토,starter_validated,legacy_unverified,none,exploratory_demo,true,false,1,1,0,0,0,1,verified_against_source,CURRENT_UI_OUT_OF_PROTOCOL_SCOPE;LEGACY_REVIEW_STATUS_UNTRUSTED;NON_FULL_TEXT_OR_WEAK_EXTRACTION_SUPPORT;NO_VALIDATED_CLAIM_LINK
RULE-OMEGA3-PURIFIEDEPA-BLEEDING,omega3_epa_dha,고용량 purified EPA의 출혈 모니터링,starter_validated,legacy_unverified,A2_candidate,validated_thesis_scope_candidate_only,true,false,1,2,0,0,0,2,verified_against_source,CANDIDATE_REQUIRES_FULL_REVALIDATION;LEGACY_REVIEW_STATUS_UNTRUSTED;NON_FULL_TEXT_OR_WEAK_EXTRACTION_SUPPORT;NO_VALIDATED_CLAIM_LINK
RULE-CALCIUM-STONE-HISTORY,calcium,칼슘 보충과 결석 병력/고칼슘뇨,starter_validated,legacy_unverified,B1_candidate,validated_thesis_scope_candidate_only,true,false,4,4,0,0,0,4,verified_against_source,CANDIDATE_REQUIRES_FULL_REVALIDATION;LEGACY_REVIEW_STATUS_UNTRUSTED;NON_FULL_TEXT_OR_WEAK_EXTRACTION_SUPPORT;NO_VALIDATED_CLAIM_LINK
RULE-VITD-STONE-HISTORY,vitamin_d,비타민 D 보충과 결석 병력/고칼슘뇨,starter_validated,legacy_unverified,B2_candidate,validated_thesis_scope_candidate_only,true,false,4,4,0,0,0,4,verified_against_source,CANDIDATE_REQUIRES_FULL_REVALIDATION;LEGACY_REVIEW_STATUS_UNTRUSTED;NON_FULL_TEXT_OR_WEAK_EXTRACTION_SUPPORT;NO_VALIDATED_CLAIM_LINK
RULE-LUTEIN-SMOKER-BETACAROTENE-FORMULA,lutein_zeaxanthin,흡연자/과거흡연자의 beta-carotene 포함 안구포뮬라 회피,starter_validated,legacy_unverified,none,future_scope,false,false,4,4,0,0,0,4,verified_against_source,LEGACY_REVIEW_STATUS_UNTRUSTED;NON_FULL_TEXT_OR_WEAK_EXTRACTION_SUPPORT;NO_VALIDATED_CLAIM_LINK
RULE-LUTEIN-HIGHDose-REVIEW,lutein_zeaxanthin,고함량 루테인 제품 수동검토,starter_validated,legacy_unverified,none,future_scope,false,false,3,3,0,0,0,3,verified_against_source,LEGACY_REVIEW_STATUS_UNTRUSTED;NON_FULL_TEXT_OR_WEAK_EXTRACTION_SUPPORT;NO_VALIDATED_CLAIM_LINK
RULE-MILKTHISTLE-QUALITY-VERIFY,milk_thistle_silymarin,밀크씨슬 제품 품질 검증,starter_validated,legacy_unverified,none,exploratory_demo,true,false,1,1,0,0,0,1,verified_against_source,CURRENT_UI_OUT_OF_PROTOCOL_SCOPE;LEGACY_REVIEW_STATUS_UNTRUSTED;NON_FULL_TEXT_OR_WEAK_EXTRACTION_SUPPORT;NO_VALIDATED_CLAIM_LINK
RULE-MILKTHISTLE-ALLERGY-ASTERACEAE,milk_thistle_silymarin,밀크씨슬과 국화과 알레르기,starter_validated,legacy_unverified,none,exploratory_demo,true,false,1,1,0,0,0,1,verified_against_source,CURRENT_UI_OUT_OF_PROTOCOL_SCOPE;LEGACY_REVIEW_STATUS_UNTRUSTED;NON_FULL_TEXT_OR_WEAK_EXTRACTION_SUPPORT;NO_VALIDATED_CLAIM_LINK
RULE-MILKTHISTLE-PREGNANCY,milk_thistle_silymarin,임신·수유 중 밀크씨슬 수동검토,starter_validated,legacy_unverified,none,exploratory_demo,true,false,1,1,0,0,0,1,verified_against_source,CURRENT_UI_OUT_OF_PROTOCOL_SCOPE;LEGACY_REVIEW_STATUS_UNTRUSTED;NON_FULL_TEXT_OR_WEAK_EXTRACTION_SUPPORT;NO_VALIDATED_CLAIM_LINK
RULE-MILKTHISTLE-NARROWTI-REVIEW,milk_thistle_silymarin,밀크씨슬 + 협소치료역 약물 수동검토,starter_validated,legacy_unverified,none,exploratory_demo,true,false,3,3,0,0,0,3,verified_against_source,CURRENT_UI_OUT_OF_PROTOCOL_SCOPE;LEGACY_REVIEW_STATUS_UNTRUSTED;NON_FULL_TEXT_OR_WEAK_EXTRACTION_SUPPORT;NO_VALIDATED_CLAIM_LINK
RULE-PROBIOTICS-CRITICALLYILL-REVIEW,probiotics,중증입원·수술후·중심정맥관 환자의 프로바이오틱스 수동검토,starter_validated,legacy_unverified,none,future_scope,false,false,4,4,0,0,0,4,verified_against_source,LEGACY_REVIEW_STATUS_UNTRUSTED;NON_FULL_TEXT_OR_WEAK_EXTRACTION_SUPPORT;NO_VALIDATED_CLAIM_LINK
RULE-PROBIOTICS-CANCER-REVIEW,probiotics,암 환자의 프로바이오틱스 임상검토,starter_validated,legacy_unverified,none,future_scope,false,false,2,2,0,0,0,2,verified_against_source,LEGACY_REVIEW_STATUS_UNTRUSTED;NON_FULL_TEXT_OR_WEAK_EXTRACTION_SUPPORT;NO_VALIDATED_CLAIM_LINK
RULE-BCOMPLEX-DECOMPOSE,vitamin_b_complex,비타민 B 복합체는 성분별로 분해 판정,starter_validated,legacy_unverified,none,future_scope,false,false,6,6,0,0,0,6,verified_against_source,LEGACY_REVIEW_STATUS_UNTRUSTED;NON_FULL_TEXT_OR_WEAK_EXTRACTION_SUPPORT;NO_VALIDATED_CLAIM_LINK
RULE-B12-METFORMIN-PPI,vitamin_b12,비타민 B12와 metformin/PPI 장기사용,starter_validated,legacy_unverified,none,future_scope,false,false,3,3,0,0,0,3,verified_against_source,LEGACY_REVIEW_STATUS_UNTRUSTED;NON_FULL_TEXT_OR_WEAK_EXTRACTION_SUPPORT;NO_VALIDATED_CLAIM_LINK
RULE-FOLATE-METHOTREXATE-REVIEW,folic_acid,엽산 + methotrexate 사용 맥락 분리,starter_validated,legacy_unverified,none,future_scope,false,false,1,1,0,0,0,1,verified_against_source,LEGACY_REVIEW_STATUS_UNTRUSTED;NON_FULL_TEXT_OR_WEAK_EXTRACTION_SUPPORT;NO_VALIDATED_CLAIM_LINK
RULE-MAG-PPI-LOWMAG,magnesium_supplement,마그네슘과 장기 PPI 사용,starter_validated,legacy_unverified,none,future_scope,false,false,2,2,0,0,0,2,verified_against_source,LEGACY_REVIEW_STATUS_UNTRUSTED;NON_FULL_TEXT_OR_WEAK_EXTRACTION_SUPPORT;NO_VALIDATED_CLAIM_LINK
RULE-MAG-DIURETIC-STATUS,magnesium_supplement,마그네슘과 loop/thiazide 이뇨제,starter_validated,legacy_unverified,none,future_scope,false,false,1,1,0,0,0,1,verified_against_source,LEGACY_REVIEW_STATUS_UNTRUSTED;NON_FULL_TEXT_OR_WEAK_EXTRACTION_SUPPORT;NO_VALIDATED_CLAIM_LINK
RULE-MVMS-DECOMPOSE,multivitamin_multimineral,멀티비타민/미네랄은 성분별로 분해 판정,starter_validated,legacy_unverified,none,exploratory_demo,true,false,3,3,0,0,0,3,verified_against_source,CURRENT_UI_OUT_OF_PROTOCOL_SCOPE;LEGACY_REVIEW_STATUS_UNTRUSTED;NON_FULL_TEXT_OR_WEAK_EXTRACTION_SUPPORT;NO_VALIDATED_CLAIM_LINK
RULE-MVMS-DUPLICATE-UL,multivitamin_multimineral,멀티비타민과 단일 영양소 중복 복용 확인,starter_validated,legacy_unverified,none,exploratory_demo,true,false,1,1,0,0,0,1,verified_against_source,CURRENT_UI_OUT_OF_PROTOCOL_SCOPE;LEGACY_REVIEW_STATUS_UNTRUSTED;NON_FULL_TEXT_OR_WEAK_EXTRACTION_SUPPORT;NO_VALIDATED_CLAIM_LINK
RULE-MVMS-WARFARIN-VITK,multivitamin_multimineral,warfarin 사용자의 비타민K 포함 멀티비타민 주의,starter_validated,legacy_unverified,none,exploratory_demo,true,false,1,1,0,0,0,1,verified_against_source,CURRENT_UI_OUT_OF_PROTOCOL_SCOPE;LEGACY_REVIEW_STATUS_UNTRUSTED;NON_FULL_TEXT_OR_WEAK_EXTRACTION_SUPPORT;NO_VALIDATED_CLAIM_LINK
RULE-MVMS-PRENATAL-FOLATE-CHECK,multivitamin_multimineral,임신·가임기 멀티비타민의 엽산 총량 확인,starter_validated,legacy_unverified,none,exploratory_demo,true,false,3,3,0,0,0,3,verified_against_source,CURRENT_UI_OUT_OF_PROTOCOL_SCOPE;LEGACY_REVIEW_STATUS_UNTRUSTED;NON_FULL_TEXT_OR_WEAK_EXTRACTION_SUPPORT;NO_VALIDATED_CLAIM_LINK
RULE-MVMS-PREGNANCY-VITA-CHECK,multivitamin_multimineral,임신·가임기 멀티비타민의 프리폼드 비타민A 확인,starter_validated,legacy_unverified,none,exploratory_demo,true,false,5,5,0,0,0,5,verified_against_source,CURRENT_UI_OUT_OF_PROTOCOL_SCOPE;LEGACY_REVIEW_STATUS_UNTRUSTED;NON_FULL_TEXT_OR_WEAK_EXTRACTION_SUPPORT;NO_VALIDATED_CLAIM_LINK
RULE-ZINC-50MG-COPPER,zinc,50 mg/day 이상 아연의 구리결핍 경고,starter_validated,legacy_unverified,none,future_scope,false,false,6,6,0,0,0,6,verified_against_source,LEGACY_REVIEW_STATUS_UNTRUSTED;NON_FULL_TEXT_OR_WEAK_EXTRACTION_SUPPORT;NO_VALIDATED_CLAIM_LINK
RULE-PSYLLIUM-DYSPHAGIA,psyllium_husk,연하곤란 환자의 차전자피 회피,starter_validated,legacy_unverified,none,future_scope,false,false,2,2,0,0,0,2,verified_against_source,LEGACY_REVIEW_STATUS_UNTRUSTED;NON_FULL_TEXT_OR_WEAK_EXTRACTION_SUPPORT;NO_VALIDATED_CLAIM_LINK
RULE-PSYLLIUM-MIN-FLUID,psyllium_husk,차전자피 복용 시 최소 수분량,starter_validated,legacy_unverified,none,future_scope,false,false,1,1,0,0,0,1,verified_against_source,LEGACY_REVIEW_STATUS_UNTRUSTED;NON_FULL_TEXT_OR_WEAK_EXTRACTION_SUPPORT;NO_VALIDATED_CLAIM_LINK
RULE-PSYLLIUM-DRUG-SPLIT-GENERAL,psyllium_husk,차전자피와 다른 약의 일반 분리복용,starter_validated,legacy_unverified,none,future_scope,false,false,1,1,0,0,0,1,verified_against_source,LEGACY_REVIEW_STATUS_UNTRUSTED;NON_FULL_TEXT_OR_WEAK_EXTRACTION_SUPPORT;NO_VALIDATED_CLAIM_LINK
RULE-PSYLLIUM-DIGOXIN-ASPIRIN-NITRO-3H,psyllium_husk,차전자피 + digoxin/aspirin/nitrofurantoin 3시간 분리,starter_validated,legacy_unverified,none,future_scope,false,false,1,1,0,0,0,1,verified_against_source,LEGACY_REVIEW_STATUS_UNTRUSTED;NON_FULL_TEXT_OR_WEAK_EXTRACTION_SUPPORT;NO_VALIDATED_CLAIM_LINK
RULE-PSYLLIUM-OBSTRUCTION-AVOID,psyllium_husk,장폐색/협착 고위험군의 차전자피 회피,starter_validated,legacy_unverified,none,future_scope,false,false,4,4,0,0,0,4,verified_against_source,LEGACY_REVIEW_STATUS_UNTRUSTED;NON_FULL_TEXT_OR_WEAK_EXTRACTION_SUPPORT;NO_VALIDATED_CLAIM_LINK
RULE-PSYLLIUM-ALLERGY,psyllium_husk,차전자피 알레르기/분말 흡입 주의,starter_validated,legacy_unverified,none,future_scope,false,false,1,1,0,0,0,1,verified_against_source,LEGACY_REVIEW_STATUS_UNTRUSTED;NON_FULL_TEXT_OR_WEAK_EXTRACTION_SUPPORT;NO_VALIDATED_CLAIM_LINK
RULE-VITC-MALE-HIGHDose-STONE,vitamin_c,"남성의 비타민 C 1,000 mg/day 이상과 신장결석 주의",starter_validated,legacy_unverified,B3_candidate,validated_thesis_scope_candidate_only,true,false,3,3,0,0,0,3,verified_against_source,CANDIDATE_REQUIRES_FULL_REVALIDATION;LEGACY_REVIEW_STATUS_UNTRUSTED;NON_FULL_TEXT_OR_WEAK_EXTRACTION_SUPPORT;NO_VALIDATED_CLAIM_LINK
RULE-CALCIUM-VITD-POSTMENOPAUSAL-STONE,calcium,폐경 후 여성의 칼슘+비타민D 보충과 결석 주의,starter_validated,legacy_unverified,B1_candidate,validated_thesis_scope_candidate_only,true,false,3,3,0,0,0,3,verified_against_source,CANDIDATE_REQUIRES_FULL_REVALIDATION;LEGACY_REVIEW_STATUS_UNTRUSTED;NON_FULL_TEXT_OR_WEAK_EXTRACTION_SUPPORT;NO_VALIDATED_CLAIM_LINK
RULE-VITD-3200-4000IU-WARN,vitamin_d,"비타민 D 3,200–4,000 IU/day 장기복용 주의",starter_validated,legacy_unverified,B2_candidate,validated_thesis_scope_candidate_only,true,false,3,3,0,0,0,3,verified_against_source,CANDIDATE_REQUIRES_FULL_REVALIDATION;LEGACY_REVIEW_STATUS_UNTRUSTED;NON_FULL_TEXT_OR_WEAK_EXTRACTION_SUPPORT;NO_VALIDATED_CLAIM_LINK
RULE-MAG-HIGHDose-DIARRHEA,magnesium_supplement,고용량 마그네슘 보충과 설사 주의,starter_validated,legacy_unverified,none,future_scope,false,false,4,4,0,0,0,3,verified_against_source,LEGACY_REVIEW_STATUS_UNTRUSTED;NON_FULL_TEXT_OR_WEAK_EXTRACTION_SUPPORT;NO_VALIDATED_CLAIM_LINK
RULE-IRON-FERROUS-SULFATE-GI,iron,황산철(ferrous sulfate) 제형의 위장관 부작용 주의,starter_validated,legacy_unverified,none,future_scope,false,false,2,2,0,0,0,2,verified_against_source,LEGACY_REVIEW_STATUS_UNTRUSTED;NON_FULL_TEXT_OR_WEAK_EXTRACTION_SUPPORT;NO_VALIDATED_CLAIM_LINK
RULE-MINERALS-DECOMPOSE,mineral_supplements_generic,미네랄 보충제는 성분별로 분해 판정,starter_validated,legacy_unverified,none,future_scope,false,false,2,2,0,0,0,2,verified_against_source,LEGACY_REVIEW_STATUS_UNTRUSTED;NON_FULL_TEXT_OR_WEAK_EXTRACTION_SUPPORT;NO_VALIDATED_CLAIM_LINK
RULE-MINERALS-GENERIC-CHELATION,mineral_supplements_generic,금속이온 미네랄과 흡수 간섭 약물 병용 주의,starter_validated,legacy_unverified,none,future_scope,false,false,1,1,0,0,0,1,verified_against_source,LEGACY_REVIEW_STATUS_UNTRUSTED;NON_FULL_TEXT_OR_WEAK_EXTRACTION_SUPPORT;NO_VALIDATED_CLAIM_LINK
RULE-PHOSPHATIDYLSERINE-LIMITED-LONGTERM,phosphatidylserine,포스파티딜세린은 단기 내약성은 양호하나 장기 안전성은 제한적,starter_validated,legacy_unverified,none,future_scope,false,false,2,2,0,0,0,2,verified_against_source,LEGACY_REVIEW_STATUS_UNTRUSTED;NON_FULL_TEXT_OR_WEAK_EXTRACTION_SUPPORT;NO_VALIDATED_CLAIM_LINK
RULE-ARGININE-GI-CARDIO,l_arginine,아르기닌 보충의 위장관·혈압 관련 이상반응 주의,starter_validated,legacy_unverified,none,future_scope,false,false,2,2,0,0,0,2,verified_against_source,LEGACY_REVIEW_STATUS_UNTRUSTED;NON_FULL_TEXT_OR_WEAK_EXTRACTION_SUPPORT;NO_VALIDATED_CLAIM_LINK
RULE-CHONDROITIN-OSL-1200,glucosamine_chondroitin,"콘드로이틴 1,200 mg/day 초과는 수동검토",starter_validated,legacy_unverified,none,exploratory_demo,true,false,2,2,0,0,0,2,verified_against_source,CURRENT_UI_OUT_OF_PROTOCOL_SCOPE;LEGACY_REVIEW_STATUS_UNTRUSTED;NON_FULL_TEXT_OR_WEAK_EXTRACTION_SUPPORT;NO_VALIDATED_CLAIM_LINK
RULE-COLLAGEN-SHORTTERM-SAFE-LIMITED,collagen_peptides,콜라겐은 단기 내약성은 양호하나 원료출처·장기자료는 제한적,starter_validated,legacy_unverified,none,future_scope,false,false,3,3,0,0,0,3,verified_against_source,LEGACY_REVIEW_STATUS_UNTRUSTED;NON_FULL_TEXT_OR_WEAK_EXTRACTION_SUPPORT;NO_VALIDATED_CLAIM_LINK
